logM_bin_center,Q0100,Q0105,Q0142,Q0207,Q0256,Q0449,Q0821,Q0933,Q1009,Q1217,Q1422,Q1549,Q1603,Q1700,Q2206,Q2343
7.625,0.0,0.0,0.0,0.0,0.0,0.0,0.0,0.0,0.0,0.0,0.0,0.0,0.0,0.0,0.0,0.0
7.875,2.0,0.0,0.0,0.0,0.0,0.0,0.0,0.0,0.0,0.0,0.0,1.0,0.0,0.0,0.0,0.0
8.125,2.0,0.0,0.0,0.0,2.0,0.0,0.0,0.0,2.0,0.0,0.0,3.0,2.0,0.0,0.0,0.0
8.375,3.0,0.0,1.0,2.0,2.0,0.0,1.0,0.0,3.0,3.0,2.0,4.0,3.0,1.0,0.0,0.0
8.625,3.0,0.0,3.0,3.0,4.0,1.0,2.0,4.0,8.0,5.0,3.0,8.0,2.0,3.0,3.0,6.0
8.875,14.0,5.0,7.0,10.0,4.0,5.0,7.0,7.0,12.0,5.0,5.0,17.0,13.0,12.0,7.0,3.0
9.125,11.0,10.0,8.0,13.0,4.0,14.0,11.0,11.0,19.0,6.0,13.0,11.0,9.0,9.0,8.0,6.0
9.375,19.0,14.0,17.0,25.0,8.0,18.0,14.0,18.0,18.0,12.0,17.0,12.0,18.0,35.0,11.0,12.0
9.625,29.0,19.0,29.0,26.0,3.0,37.0,19.0,13.0,26.0,11.0,20.0,14.0,28.0,32.0,17.0,11.0
9.875,27.0,29.0,20.0,18.0,11.0,19.0,25.0,3.0,20.0,21.0,8.0,14.0,16.0,31.0,20.0,10.0
10.125,20.0,26.0,16.0,11.0,7.0,12.0,18.0,1.0,16.0,6.0,7.0,6.0,17.0,36.0,22.0,8.0
10.375,10.0,11.0,9.0,6.0,5.0,5.0,17.0,5.0,5.0,4.0,6.0,6.0,9.0,22.0,5.0,7.0
10.625,6.0,5.0,8.0,2.0,1.0,5.0,1.0,1.0,6.0,5.0,7.0,3.0,5.0,10.0,4.0,0.0
10.875,6.0,1.0,4.0,4.0,0.0,0.0,0.0,0.0,6.0,1.0,2.0,2.0,1.0,3.0,1.0,1.0
11.125,1.0,1.0,1.0,0.0,0.0,1.0,0.0,0.0,1.0,0.0,0.0,0.0,0.0,3.0,0.0,0.0
11.375,1.0,0.0,0.0,0.0,0.0,0.0,1.0,0.0,0.0,0.0,0.0,1.0,0.0,0.0,0.0,0.0
