RA,DEC,X,Y,NAME,FIELD,Rs,GmRs,UmG,Ude,zlya,zabs,zneb,type,comments,FULL_ID,SED_ID,stellar_mass,z_best
237.91144,19.15287,307.9,5.9,BX1,Q1549,24.47,-0.05,0.32,yes,-2.0,1.745,-1.0,GAL,"""wk high ions""",Q1549-BX1,Q1549-BX1,1079731200.0,1.745
237.98053,19.15891,407.0,1118.0,BX101,Q1549,22.71,0.23,0.82,yes,2.3808,2.3822,2.3806,QSO,"""kcwi cube q1549-BX101; has associated absorption with z>zneb; zneb mosfr 5/2014 close1H,K""",Q1549-BX101,Q1549-BX101,92011635000.0,2.3806
237.98326,19.21228,1313.7,1164.9,BX102,Q1549,24.36,0.18,0.44,yes,2.1958,2.189,2.1934,GAL,"""zneb msfr, 2012+2014;nz; m7; v. strong double em line; weaker @2.1883; also on KCWI cube Q1549-BX102""",Q1549-BX102,Q1549-BX102,6922167300.0,2.1934
237.98377,19.21303,1326.4,1173.2,BX103,Q1549,25.44,0.45,1.39,yes,-2.0,1.919,-2.0,GAL,"""spectrum on KCWI cube for BX102; BX103b has z=2.135 Lya, from cube""",Q1549-BX103,Q1549-BX103,914065410.0,1.919
237.98369,19.19474,1015.8,1171.1,BX104,Q1549,24.97,0.33,0.67,yes,-1.0,-1.0,2.0748,GAL,"""zneb mosfire 2014""",Q1549-BX104,Q1549-BX104,4026050000.0,2.0748
237.98659,19.20045,1112.6,1218.1,BX109,Q1549,24.13,0.23,0.49,yes,-2.0,1.814,-1.0,GAL,"""nz; m4""",Q1549-BX109,Q1549-BX109,2859471900.0,1.814
237.98734,19.18027,769.9,1229.3,BX113,Q1549,23.67,0.11,0.65,yes,-2.0,2.0797,-1.0,GAL,"""nz; m1""",Q1549-BX113,Q1549-BX113,6989744600.0,2.0797
237.98881,19.16607,528.7,1252.4,BX119,Q1549,23.75,0.15,0.63,yes,-2.0,1.8712,1.878,GAL,"""msfr m1 5/16; nz; m4; has xtra abs lines""",Q1549-BX119,Q1549-BX119,3753096400.0,1.878
237.9896,19.18218,802.2,1265.8,BX121,Q1549,25.38,0.21,0.71,yes,2.5066,-2.0,2.4983,GAL,"""nebz=2.4985 msfr; nz; m7; double Lya line; weaker comp @2.496""",Q1549-BX121,Q1549-BX121,400460480.0,2.4983
237.99087,19.14178,116.1,1284.6,BX124,Q1549,23.67,-0.06,0.18,yes,-2.0,1.576,-1.0,GAL,"""nz; m2""",Q1549-BX124,Q1549-BX124,2517314800.0,1.576
237.99104,19.20554,1198.9,1289.9,BX126,Q1549,24.3,0.26,1.09,yes,2.3843,2.3801,-1.0,GAL,"""nz; m1""",Q1549-BX126,Q1549-BX126,5506710500.0,2.3801
237.99248,19.17427,667.8,1311.8,BX127,Q1549,24.35,0.51,1.37,yes,-2.0,2.533,2.5336,GAL,"""nz; m3""",Q1549-BX127,Q1549-BX127,1513083300.0,2.5336
237.99271,19.18908,919.3,1316.1,BX128,Q1549,24.39,0.25,0.52,yes,-2.0,1.8033,-1.0,GAL,"""""",Q1549-BX128,Q1549-BX128,7413302300.0,1.8033
237.99246,19.20269,1150.5,1312.6,BX129,Q1549,24.16,0.14,0.9,yes,2.306,2.3002,-1.0,GAL,"""nz; m3""",Q1549-BX129,Q1549-BX129,1702844400.0,2.3002
237.92006,19.16835,570.4,145.5,BX13,Q1549,24.22,0.16,0.39,yes,-2.0,1.889,-1.0,GAL,"""nz; m3""",Q1549-BX13,Q1549-BX13,5815371800.0,1.889
237.9958,19.17358,655.9,1365.2,BX130,Q1549,24.15,0.33,0.63,yes,-2.0,-2.0,1.516,GAL,"""nebz, from msfr5 H band""",Q1549-BX130,Q1549-BX130,9413751800.0,1.516
237.99568,19.21032,1279.9,1364.8,BX131,Q1549,25.43,0.19,0.96,yes,-1.0,-1.0,2.0471,GAL,"""zneb O3 msfr close1H 5/2014""",Q1549-BX131,Q1549-BX131,1850416900.0,2.0471
237.99633,19.18096,781.3,1374.1,BX133,Q1549,24.58,0.24,1.19,yes,-1.0,-1.0,2.0648,GAL,"""msfr m1; zneb mosfire 2014""",Q1549-BX133,Q1549-BX133,10282958000.0,2.0648
237.99785,19.1819,797.2,1398.6,BX137,Q1549,23.67,0.54,0.81,yes,-2.0,-2.0,1.4626,GAL,"""""",Q1549-BX137,Q1549-BX137,23503704000.0,1.4626
237.99915,19.17007,596.2,1419.0,BX139,Q1549,24.49,0.09,0.4,yes,1.888,1.881,-1.0,GAL,"""nz; m2""",Q1549-BX139,Q1549-BX139,2544550700.0,1.881
237.92047,19.2008,1121.5,153.6,BX14,Q1549,25.25,0.68,1.6,yes,2.8789,-2.0,-1.0,GAL,"""observed as GNB355""",Q1549-BX14,Q1549-BX14,2627303900.0,2.8789
238.00512,19.17761,724.0,1515.5,BX156,Q1549,24.38,0.2,0.7,yes,-2.0,-2.0,1.6655,GAL,"""nz; mosfire neb redshift, prev. was incorrect""",Q1549-BX156,Q1549-BX156,5895167000.0,1.6655
238.005,19.16467,504.3,1513.0,BX157,Q1549,24.28,0.23,0.88,yes,-2.0,1.871,-1.0,GAL,"""nz; m2+m7""",Q1549-BX157,Q1549-BX157,10502751000.0,1.871
238.00669,19.16437,499.1,1540.2,BX161,Q1549,24.59,0.57,1.28,yes,-2.0,2.496,2.503,GAL,"""msfr slitcor1 5/2016; lris from m6""",Q1549-BX161,Q1549-BX161,56893628000.0,2.503
238.00776,19.16821,564.3,1557.6,BX162,Q1549,23.75,0.14,0.34,yes,-2.0,1.5774,-2.0,GAL,"""msf slitcor1 5/16; nz; m2""",Q1549-BX162,Q1549-BX162,5247470600.0,1.5774
238.0087,19.21028,1278.7,1574.4,BX164,Q1549,24.08,0.28,0.51,yes,-2.0,1.5772,-1.0,GAL,"""nz; m2""",Q1549-BX164,Q1549-BX164,7220974100.0,1.5772
238.01075,19.16388,490.6,1605.6,BX170,Q1549,24.47,0.12,0.65,yes,2.3893,2.381,2.3836,GAL,"""zneb mosfire; nz; m2; abs z not precise""",Q1549-BX170,Q1549-BX170,2392044000.0,2.3836
238.0105,19.21963,1437.4,1603.7,BX171,Q1549,23.09,0.25,0.52,yes,-2.0,1.803,-1.0,GAL,"""ap2""",Q1549-BX171,Q1549-BX171,26084555000.0,1.803
238.01146,19.20513,1191.2,1618.6,BX173,Q1549,23.53,0.24,0.52,yes,-2.0,1.6693,-1.0,GAL,"""nz; m3""",Q1549-BX173,Q1549-BX173,11598496000.0,1.6693
238.01251,19.18732,888.6,1634.8,BX175,Q1549,24.42,0.03,0.66,yes,2.3489,2.342,-1.0,GAL,"""nz; m1""",Q1549-BX175,Q1549-BX175,3431870700.0,2.342
238.0138,19.22017,1446.5,1656.9,BX179,Q1549,23.84,0.13,0.46,yes,-2.0,1.629,-1.0,GAL,"""not 100% certain""",Q1549-BX179,Q1549-BX179,6458970100.0,1.629
237.92357,19.20754,1235.8,203.9,BX18,Q1549,23.55,0.28,1.06,yes,2.5064,2.5,-1.0,GAL,"""nz; m1; has xtra abs""",Q1549-BX18,Q1549-BX18,5969750500.0,2.5
238.01486,19.16727,548.0,1671.9,BX180,Q1549,23.99,0.27,1.08,yes,-2.0,2.386,2.387,GAL,"""nz; m3; floater @4105.8, called BX180b 2.3780""",Q1549-BX180,Q1549-BX180,3694503900.0,2.387
238.01581,19.21146,1298.5,1688.9,BX184,Q1549,24.42,0.25,0.76,yes,-2.0,2.558,-1.0,GAL,"""not 100% sure""",Q1549-BX184,Q1549-BX184,9066870800.0,2.558
238.01756,19.20786,1237.3,1716.9,BX187,Q1549,24.85,0.38,0.7,yes,-2.0,2.258,-1.0,GAL,"""not 100% sure""",Q1549-BX187,Q1549-BX187,8211810300.0,2.258
238.01765,19.16101,441.6,1716.6,BX189,Q1549,23.08,0.16,0.74,yes,-2.0,1.874,-1.0,GAL,"""""",Q1549-BX189,Q1549-BX189,18061539000.0,1.874
238.01896,19.2183,1414.5,1739.8,BX190,Q1549,24.07,0.18,1.13,yes,-2.0,2.02,-1.0,GAL,"""mN3""",Q1549-BX190,Q1549-BX190,9743356900.0,2.02
238.01947,19.21649,1383.8,1748.0,BX191,Q1549,24.6,0.19,0.88,yes,-2.0,1.879,-1.0,GAL,"""mN2""",Q1549-BX191,Q1549-BX191,7490634200.0,1.879
238.01986,19.2074,1229.4,1753.9,BX193,Q1549,24.39,0.07,0.48,yes,-2.0,1.624,-1.0,GAL,"""""",Q1549-BX193,Q1549-BX193,2105757300.0,1.624
238.01905,19.1611,443.1,1739.1,BX194,Q1549,23.91,0.22,0.95,yes,-2.0,1.872,-1.0,GAL,"""""",Q1549-BX194,Q1549-BX194,47799153000.0,1.872
238.02032,19.19558,1028.6,1760.9,BX197,Q1549,24.97,0.36,1.33,yes,-2.0,2.43,2.4352,GAL,"""nz; m8""",Q1549-BX197,Q1549-BX197,2363661100.0,2.4352
238.02063,19.15832,395.8,1764.5,BX198,Q1549,23.9,0.23,0.84,yes,2.072,2.066,-1.0,GAL,"""""",Q1549-BX198,Q1549-BX198,52572533000.0,2.066
238.02155,19.19528,1023.5,1780.7,BX200,Q1549,24.55,-0.04,0.34,yes,-2.0,2.325,-1.0,GAL,"""""",Q1549-BX200,Q1549-BX200,1938195200.0,2.325
238.02122,19.21382,1338.4,1776.1,BX202,Q1549,24.37,0.03,0.78,yes,2.4863,2.48,2.4831,GAL,"""zneb nirspec; nz; m1; double Lya em 2.4863/2.4766""",Q1549-BX202,Q1549-BX202,1361415400.0,2.4831
238.02324,19.16747,551.1,1806.8,BX207,Q1549,24.32,0.36,1.15,yes,2.384,2.377,2.3802,GAL,"""""",Q1549-BX207,Q1549-BX207,7198920200.0,2.3802
237.92518,19.21083,1291.6,229.9,BX21,Q1549,24.47,0.32,0.61,yes,-2.0,2.183,-1.0,GAL,"""?""",Q1549-BX21,Q1549-BX21,40136684000.0,2.183
238.02392,19.22077,1456.3,1819.8,BX210,Q1549,24.16,0.19,1.0,yes,-2.0,2.443,-2.0,GAL,"""msfr 5/2014""",Q1549-BX210,Q1549-BX210,1144206000.0,2.443
238.02727,19.21268,1318.8,1873.4,BX219,Q1549,24.41,0.02,0.47,yes,1.91,1.906,-1.0,GAL,"""not 100% certain""",Q1549-BX219,Q1549-BX219,5808339500.0,1.906
238.02544,19.18454,840.9,1842.9,BX221,Q1549,24.87,0.57,1.25,yes,-1.0,-1.0,2.3408,GAL,"""nebz from msfr2""",Q1549-BX221,Q1549-BX221,8654329900.0,2.3408
238.02616,19.18332,820.2,1854.4,BX223,Q1549,24.29,0.29,0.92,yes,2.352,2.345,2.3492,GAL,"""zneb mosfire""",Q1549-BX223,Q1549-BX223,18676941000.0,2.3492
238.0285,19.17291,643.3,1891.7,BX227,Q1549,23.76,0.25,0.8,yes,-2.0,2.06,2.0573,GAL,"""strong MgII abs@z=0.555?""",Q1549-BX227,Q1549-BX227,12056798000.0,2.0573
238.02966,19.17003,594.4,1910.3,BX229,Q1549,24.78,0.0,0.82,yes,-1.0,-1.0,2.0628,GAL,"""nebz from msfr4; no UV obs""",Q1549-BX229,Q1549-BX229,1986457100.0,2.0628
238.03158,19.17105,611.6,1941.2,BX233,Q1549,24.54,0.35,1.07,yes,-2.0,2.059,2.0559,GAL,"""zneb mosfire""",Q1549-BX233,Q1549-BX233,23158981000.0,2.0559
238.03481,19.166,525.7,1993.1,BX240,Q1549,24.21,0.21,0.45,yes,-2.0,-2.0,2.0408,GAL,"""nz; q1549_msfr1,2,3; slitcor1neb z; z corrected back 10/20/21""",Q1549-BX240,Q1549-BX240,19858815000.0,2.0408
238.03592,19.20184,1134.4,2012.2,BX242,Q1549,24.57,0.32,0.97,yes,-2.0,2.518,-1.0,GAL,"""m1,m8""",Q1549-BX242,Q1549-BX242,2050859900.0,2.518
237.92681,19.18587,867.6,255.0,BX26,Q1549,24.93,0.28,0.85,yes,2.434,-2.0,-1.0,AGN,"""has NV em?""",Q1549-BX26,Q1549-BX26,892491520.0,2.434
237.92932,19.21692,1394.8,296.9,BX27,Q1549,25.15,0.58,1.02,yes,-2.0,2.124,-1.0,GAL,"""nz; m5[ap2]+m7; has xtra abs for sure """,Q1549-BX27,Q1549-BX27,13297996000.0,2.124
237.94135,19.17591,697.8,488.6,BX35,Q1549,24.76,0.28,0.65,yes,-2.0,-2.0,2.0621,GAL,"""nebz, from msfr1+msfr2; no UV id""",Q1549-BX35,Q1549-BX35,7247042000.0,2.0621
237.9415,19.18934,925.9,491.7,BX36,Q1549,24.72,0.32,0.85,yes,-1.0,-1.0,2.1938,GAL,"""zneb mosfire 2014""",Q1549-BX36,Q1549-BX36,2003663100.0,2.1938
237.94247,19.15463,336.3,505.7,BX37,Q1549,24.45,0.32,0.82,yes,1.937,1.933,-1.0,GAL,"""nz; [ap1]; [ap2]:0.304; [ap3]:0.867""",Q1549-BX37,Q1549-BX37,9375244300.0,1.933
237.91396,19.16356,489.3,47.0,BX4,Q1549,24.11,-0.03,0.41,yes,2.24,2.237,-1.0,GAL,"""v. strong Lya em""",Q1549-BX4,Q1549-BX4,2960305900.0,2.237
237.9437,19.16866,574.6,526.1,BX40,Q1549,24.49,0.2,0.6,yes,-2.0,1.87,-1.0,GAL,"""nz; z from N2""",Q1549-BX40,Q1549-BX40,4190948400.0,1.87
237.94491,19.16492,511.0,545.5,BX42,Q1549,24.99,0.36,0.64,yes,2.2238,2.219,2.2194,GAL,"""zneb mosfire; nz; m3; enormous OI abs!""",Q1549-BX42,Q1549-BX42,3914873600.0,2.2194
237.94736,19.17352,656.9,585.3,BX45,Q1549,24.47,0.14,0.59,yes,-2.0,2.0639,2.0645,GAL,"""zneb mosfire; nz; m7; strong unid abs @4837A""",Q1549-BX45,Q1549-BX45,3377445100.0,2.0645
237.9505,19.17274,643.6,635.8,BX48,Q1549,25.29,0.36,1.08,yes,2.5196,-2.0,2.5167,GAL,"""zneb mosfire; nz; m7; cont. from neighbor object""",Q1549-BX48,Q1549-BX48,407519170.0,2.5167
237.91463,19.15654,370.1,57.5,BX5,Q1549,24.59,0.11,0.61,yes,1.955,1.951,-1.0,GAL,"""""",Q1549-BX5,Q1549-BX5,3941478900.0,1.951
237.9539,19.18669,880.3,691.2,BX51,Q1549,24.56,0.25,0.91,yes,2.294,2.288,2.2895,GAL,"""zneb mosfire; nz; m2 """,Q1549-BX51,Q1549-BX51,2442674700.0,2.2895
237.95534,19.15242,298.2,712.9,BX52,Q1549,23.84,0.25,0.98,yes,-2.0,2.734,-1.0,GAL,"""nz; m6""",Q1549-BX52,Q1549-BX52,3314590200.0,2.734
237.95734,19.18577,864.6,746.5,BX54,Q1549,25.09,0.11,0.49,yes,2.326,2.3185,2.321,GAL,"""nz; m4; xtra abs, poss. strong CII* em""",Q1549-BX54,Q1549-BX54,775888190.0,2.321
237.95757,19.17337,654.0,749.7,BX55,Q1549,20.74,-0.07,0.3,yes,-1.0,-1.0,0.8263,QSO,"""zneb is from  K-band msfr5: HeI 10833.3, Pa5,6; only LRIS spectrum is as a slit star xS9""",Q1549-BX55,Q1549-BX55,0.0,0.8263
237.96101,19.19194,969.2,805.9,BX58,Q1549,25.21,0.41,1.35,yes,-2.0,-2.0,2.5012,GAL,"""msfr m1 5/16; zneb mosfire""",Q1549-BX58,Q1549-BX58,1730385400.0,2.5012
237.96203,19.18172,795.6,821.9,BX59,Q1549,23.45,0.09,0.56,yes,-2.0,1.8769,-1.0,GAL,"""nz; m1""",Q1549-BX59,Q1549-BX59,11615365000.0,1.8769
237.96309,19.18335,823.2,839.0,BX62,Q1549,25.42,0.48,1.19,yes,-1.0,-1.0,2.1929,GAL,"""zneb nirspec; nz; z from Ha; no LRIS yet""",Q1549-BX62,Q1549-BX62,11327543000.0,2.1929
237.96316,19.18963,929.9,840.4,BX63,Q1549,25.11,0.12,0.62,yes,-2.0,1.9497,1.9508,GAL,"""zneb nirspec; nz; m5 ; z=1.9510 from Ha; """,Q1549-BX63,Q1549-BX63,1220543100.0,1.9508
237.96489,19.18969,930.8,868.3,BX65,Q1549,24.98,0.34,1.2,yes,-1.0,-1.0,2.38,GAL,"""zneb nirspec; nz; z from Halpha; not observed w/LRIS yet""",Q1549-BX65,Q1549-BX65,6277222900.0,2.38
237.96578,19.19078,949.3,882.6,BX67,Q1549,25.03,0.34,0.68,yes,-2.0,1.868,-1.0,GAL,"""nz; m8""",Q1549-BX67,Q1549-BX67,7743491100.0,1.868
237.96674,19.15783,389.6,896.7,BX70,Q1549,23.48,0.16,0.52,yes,1.7779,1.7725,-1.0,GAL,"""nz; m6""",Q1549-BX70,Q1549-BX70,5424364000.0,1.7725
237.96771,19.2054,1197.5,914.3,BX73,Q1549,24.31,0.38,0.83,yes,2.1971,2.192,-1.0,GAL,"""nz; m4""",Q1549-BX73,Q1549-BX73,6049241100.0,2.192
237.96992,19.18212,803.1,948.1,BX81,Q1549,24.5,0.32,0.86,yes,-2.0,1.8,-1.0,GAL,"""coords corrected, 4/13/2016""",Q1549-BX81,Q1549-BX81,2380729100.0,1.8
237.97374,19.20684,1221.7,1011.5,BX84,Q1549,24.47,0.5,1.07,yes,-2.0,2.823,-1.0,GAL,"""nz; m3; v strong Lya and ism abs""",Q1549-BX84,Q1549-BX84,3667145700.0,2.823
237.97534,19.19667,1048.9,1036.8,BX86,Q1549,25.32,0.16,0.84,yes,-1.0,-1.0,1.6782,GAL,"""zneb 5/2014 close1H""",Q1549-BX86,Q1549-BX86,307536290.0,1.6782
237.97638,19.17664,708.7,1052.7,BX89,Q1549,24.91,0.44,1.04,yes,-1.0,-1.0,2.1112,GAL,"""zneb msfr 5/2014 close1H,K""",Q1549-BX89,Q1549-BX89,9932177400.0,2.1112
237.91636,19.20222,1145.8,87.5,BX9,Q1549,24.5,0.23,0.86,yes,-2.0,1.947,-1.0,GAL,"""""",Q1549-BX9,Q1549-BX9,1588113200.0,1.947
237.97713,19.1718,626.5,1064.6,BX91,Q1549,24.44,0.45,0.97,yes,-2.0,-2.0,1.6714,GAL,"""zneb msfr 5/2014""",Q1549-BX91,Q1549-BX91,16793945000.0,1.6714
237.98029,19.1719,628.0,1115.4,BX94,Q1549,24.53,0.33,0.86,yes,-2.0,2.008,2.0074,GAL,"""nz; m2; changed z 12/23/2010""",Q1549-BX94,Q1549-BX94,14564760000.0,2.0074
237.98035,19.2033,1161.3,1117.7,BX95,Q1549,24.11,0.4,1.16,yes,-2.0,2.298,-1.0,GAL,"""nz; m1; strong Lya abs""",Q1549-BX95,Q1549-BX95,19120853000.0,2.298
237.98074,19.20987,1272.9,1124.3,BX96,Q1549,24.06,0.39,1.16,yes,-2.0,1.7718,-2.0,GAL,"""msfr 5/2014; nz; m3""",Q1549-BX96,Q1549-BX96,17338710000.0,1.7718
237.91523,19.17797,734.0,68.2,C1,Q1549,24.72,0.46,2.49,no,2.845,-2.0,-1.0,GAL,"""""",Q1549-C1,Q1549-C1,2803235800.0,2.845
237.95175,19.15693,375.0,655.2,C10,Q1549,24.84,0.32,2.53,no,3.1934,3.183,3.1894,GAL,"""L2; msfr m1 5/16; nz; m1;L2""",Q1549-C10,Q1549-C10,7464473100.0,3.1894
237.95567,19.16459,504.9,718.7,C12,Q1549,25.19,0.5,2.16,no,-2.0,2.8352,-1.0,GAL,"""nz; m3; possible addl z=2.158""",Q1549-C12,Q1549-C12,4456803800.0,2.8352
237.95704,19.18278,813.8,741.6,C13,Q1549,25.14,0.22,2.27,no,2.8432,-2.0,-1.0,GAL,"""nz; m8; also GNB1988""",Q1549-C13,Q1549-C13,2239441400.0,2.8432
237.9609,19.15512,343.9,802.5,C14,Q1549,24.81,0.67,2.21,no,-2.0,2.841,-1.0,GAL,"""nz; m1+m8""",Q1549-C14,Q1549-C14,11987738000.0,2.841
237.96395,19.1721,632.1,852.4,C15,Q1549,25.45,0.24,1.87,no,2.849,2.849,-1.0,GAL,"""also GNB2357; nz; m6,m8""",Q1549-C15,Q1549-C15,4135610900.0,2.849
237.97176,19.15904,410.0,977.5,C16,Q1549,24.39,0.51,2.66,no,-2.0,2.3789,-1.0,GAL,"""nz; m4+m6""",Q1549-C16,Q1549-C16,15259958000.0,2.3789
237.98033,19.20542,1197.3,1117.5,C17,Q1549,24.85,0.43,2.46,no,2.941,2.934,-1.0,GAL,"""L2; m6,m8; poss LyC detection m8""",Q1549-C17,Q1549-C17,887493310.0,2.934
238.00084,19.16909,579.5,1446.2,C19,Q1549,24.78,0.15,2.84,no,3.1663,3.1579,3.1621,GAL,"""L2; nz; mask L2,v. strong Lya em double (3.15567/3.16628)""",Q1549-C19,Q1549-C19,9641828400.0,3.1621
237.92069,19.22015,1450.1,158.1,C2,Q1549,24.42,0.65,2.89,no,3.1,-2.0,-1.0,GAL,"""m5,ap1 and m7,ap2""",Q1549-C2,Q1549-C2,18338189000.0,3.1
238.00167,19.14466,164.6,1458.6,C20,Q1549,24.87,0.4,2.31,no,3.115,-2.0,3.1174,GAL,"""""",Q1549-C20,Q1549-C20,8760899600.0,3.1174
238.01599,19.162,458.5,1689.9,C22,Q1549,24.61,0.75,2.36,no,-2.0,2.96,2.9622,GAL,"""L2; msfr m1 5/16; nz; m6, L2; strong abs""",Q1549-C22,Q1549-C22,6095419900.0,2.9622
238.0234,19.21989,1441.4,1811.4,C24,Q1549,25.06,0.47,2.18,no,2.834,2.826,-1.0,GAL,"""m7; short, need red-side spec""",Q1549-C24,Q1549-C24,4050712800.0,2.826
238.02529,19.19121,954.2,1840.7,C25,Q1549,24.83,0.23,2.64,no,3.159,-2.0,3.1526,GAL,"""L2; LyC; msfr m1, slitcor1_H""",Q1549-C25,Q1549-C25,4727122400.0,3.1526
238.02563,19.193188,988.0,1846.0,C25-CS5,Q1549,25.49,0.18,1.46,yes,2.3475,2.3432,-1.0,GAL,"""q1549-C25 kcwi cube """,Q1549-C25-CS5,Q1549-C25-CS5,9542555600.0,2.3432
238.02935,19.20535,1194.2,1906.6,C27,Q1549,24.51,0.25,2.91,no,2.931,2.922,-1.0,GAL,"""L2; nz; m8, L2; poss LyC detecton""",Q1549-C27,Q1549-C27,6843153400.0,2.922
237.93197,19.19862,1083.9,338.7,C3,Q1549,24.81,0.64,2.3,no,2.7554,-2.0,-1.0,GAL,"""nz; mN2; noisy but secure""",Q1549-C3,Q1549-C3,2141739000.0,2.7554
237.93506,19.19022,941.1,388.0,C4,Q1549,25.29,0.22,2.37,no,2.8627,2.857,-1.0,GAL,"""also GNB941; nz; mN1+mN4; called NB706""",Q1549-C4,Q1549-C4,662051200.0,2.857
237.93595,19.18325,822.7,402.0,C5,Q1549,25.46,0.26,2.18,no,3.173,-2.0,3.17,GAL,"""zneb mosfire; nz; m8; strong Lya em.""",Q1549-C5,Q1549-C5,849194560.0,3.17
237.9365,19.1758,696.1,410.5,C6,Q1549,24.32,0.68,2.62,no,-2.0,2.828,-1.0,GAL,"""nz;v. weak em; mult masks (m3,m5,m7)""",Q1549-C6,Q1549-C6,15682951000.0,2.828
237.93853,19.20366,1169.2,444.5,C7,Q1549,24.42,0.78,2.38,no,-2.0,2.841,-1.0,GAL,"""nz; m3+m4""",Q1549-C7,Q1549-C7,1908373900.0,2.841
237.93911,19.14718,210.0,451.3,C8,Q1549,25.05,0.57,2.13,no,-2.0,2.935,2.9373,GAL,"""L2; msfr m1 5/16; nz; m6, L2; z from L2""",Q1549-C8,Q1549-C8,6329844700.0,2.9373
237.94461,19.19789,1070.9,542.1,C9,Q1549,23.55,0.99,2.71,no,2.9252,2.9188,-1.0,GAL,"""L2; nz; m1,m3,m4,m8,L2;v. strong abs @2.842""",Q1549-C9,Q1549-C9,12100881000.0,2.9188
237.92265,19.14026,93.2,185.9,D1,Q1549,24.94,0.32,2.15,yes,2.386,2.382,-1.0,GAL,"""m2,m8; z from m2""",Q1549-D1,Q1549-D1,947548540.0,2.382
237.95614,19.17805,733.5,726.9,D10,Q1549,23.38,0.28,2.06,yes,2.922,-2.0,-2.0,QSO,"""L2; has floater on m3; strong DLA @2.842; mult masks (3)""",Q1549-D10,Q1549-D10,45045080000.0,2.922
237.95735,19.15082,271.0,745.1,D11,Q1549,23.75,0.32,1.83,yes,-2.0,2.837,-1.0,GAL,"""nz; m4""",Q1549-D11,Q1549-D11,7176792600.0,2.837
237.95922,19.13773,48.6,774.7,D12,Q1549,23.62,0.4,1.91,yes,-2.0,2.732,-2.0,GAL,"""msfr 5/2014; nz; m2+m8; removed z_em 12/29/2010""",Q1549-D12,Q1549-D12,8062001200.0,2.732
237.96546,19.17103,613.9,876.6,D13,Q1549,24.25,0.66,2.34,yes,2.852,2.842,-1.0,GAL,"""nz; m3; add. em feature at 4127A (z=2.396)""",Q1549-D13,Q1549-D13,10421650000.0,2.842
237.96866,19.18651,876.6,928.8,D15,Q1549,24.84,0.01,1.56,yes,2.6973,2.6887,2.6923,GAL,"""msfr, 5/2014, has Hdelta; nz; m1,m6 double Lya em; center at z=2.6931""",Q1549-D15,Q1549-D15,11126091000.0,2.6923
237.97854,19.19199,969.3,1088.1,D16,Q1549,24.05,0.54,2.48,yes,3.139,3.13,3.134,GAL,"""L2; msfr m1 5/16; mult masks""",Q1549-D16,Q1549-D16,7914825700.0,3.134
237.98934,19.18401,833.3,1261.7,D17,Q1549,24.93,0.35,2.06,yes,2.841,2.825,-1.0,GAL,"""nz; m5; z corrected 12/23/2010; also GNB5274;  """,Q1549-D17,Q1549-D17,503364740.0,2.825
237.99874,19.16092,440.8,1412.1,D18,Q1549,24.85,0.18,2.15,yes,2.85,-2.0,-1.0,GAL,"""also GNB4866; nz; m4; Lya em double 2.8414/2.8497; int system z=2.380""",Q1549-D18,Q1549-D18,1507469800.0,2.85
238.00112,19.1613,447.2,1450.4,D19,Q1549,25.27,0.39,1.94,yes,2.8471,2.844,-1.0,GAL,"""also GNB4601; nz; m6,m8; strong Lya em""",Q1549-D19,Q1549-D19,8589131800.0,2.844
238.00202,19.17432,668.3,1465.4,D20,Q1549,24.06,0.56,2.4,yes,-2.0,2.8254,-1.0,GAL,"""nz; m2+m3+m4; strong Lya abs""",Q1549-D20,Q1549-D20,4124766700.0,2.8254
238.0156,19.15679,370.0,1683.4,D23,Q1549,24.67,0.29,2.62,yes,2.902,2.893,-1.0,GAL,"""mN3""",Q1549-D23,Q1549-D23,3448375800.0,2.893
238.02199,19.16256,467.8,1786.5,D24,Q1549,24.75,0.25,2.14,yes,2.951,2.942,-1.0,GAL,"""noz3[ap2]""",Q1549-D24,Q1549-D24,6128125400.0,2.942
238.03332,19.14884,234.4,1968.4,D25,Q1549,24.54,0.7,2.37,yes,-2.0,2.825,-2.0,GAL,"""L2; msfr m1 5/16; mL2""",Q1549-D25,Q1549-D25,10391155000.0,2.825
238.03388,19.19646,1043.1,1979.2,D26,Q1549,24.4,0.36,1.86,yes,2.764,2.755,-1.0,GAL,"""""",Q1549-D26,Q1549-D26,4752565200.0,2.755
238.03465,19.16357,484.5,1990.4,D27,Q1549,24.0,0.45,2.1,yes,2.816,2.814,-1.0,GAL,"""m2,m5,m7""",Q1549-D27,Q1549-D27,22928325000.0,2.814
237.93214,19.15345,316.8,339.3,D3,Q1549,24.22,0.3,1.87,yes,2.9422,2.9342,2.9373,GAL,"""L2; msfr m1; nz; m1,m3,m4,m8,L2; int abs @2.791, 2.741, 2.805 (all Lya+CIV) """,Q1549-D3,Q1549-D3,14692223000.0,2.9373
237.93325,19.19436,1011.5,359.1,D4,Q1549,24.39,0.46,2.34,yes,2.8634,2.856,-1.0,GAL,"""also GNB822; nz; m4(ap1),m5,m7; extra emission @4620A""",Q1549-D4,Q1549-D4,3211133200.0,2.856
237.934,19.18025,771.8,370.5,D5,Q1549,25.42,0.28,2.11,yes,3.0169,-1.0,3.0131,GAL,"""N3[ap2] (BX30 slit); nebz from msfr2+msfr5""",Q1549-D5,Q1549-D5,2686411800.0,3.0131
237.9383,19.15146,282.7,438.4,D6,Q1549,24.7,0.58,2.19,yes,2.8485,2.84,-1.0,GAL,"""nz; m3""",Q1549-D6,Q1549-D6,7506244100.0,2.84
237.9427,19.16392,494.1,509.8,D7,Q1549,24.31,0.68,2.54,yes,2.9425,2.9322,2.9362,GAL,"""L2; msfr m1 5/16; nz; m1,m3,m5,m8,L2""",Q1549-D7,Q1549-D7,8663647200.0,2.9362
237.94921,19.13727,41.2,613.5,D9,Q1549,24.47,0.54,2.4,yes,2.849,2.844,-1.0,GAL,"""mult. masks;SiIV has diff. velocity""",Q1549-D9,Q1549-D9,1584651100.0,2.844
237.99192,19.207199,1227.0,1305.0,GNB4950,Q1549,20.15,1.06,1.95,yes,2.8536,2.8536,1.0,QSO,"GNB4950 red QSO""",Q1549-GNB4950,Q1549-GNB4950,29631980000.0,1.0
237.96366,19.18492,849.8,848.2,M15,Q1549,24.52,0.91,2.06,no,2.845,-2.0,-1.0,AGN,"""aka NB1614 on mask N1; appears to have broad CIV, see M15.br.fits in spec dir; GNB2254""",Q1549-M15,Q1549-M15,73242624000.0,2.845
237.97358,19.15808,393.6,1006.8,M16,Q1549,25.24,0.63,1.77,no,2.955,2.953,-2.0,GAL,"""msfr 5/2014; nz; noz1""",Q1549-M16,Q1549-M16,28085895000.0,2.953
237.98352,19.2146,1353.0,1170.0,M17,Q1549,25.3,0.66,2.3,no,3.2253,3.222,-1.0,GAL,"""on q1549-BX102 kcwi cube; strong Lya emission; possible add'l emission 4591 A --> 2.7766 if real, or 1086 if assoc. with M1",Q1549-M17,Q1549-M17,2235412700.0,3.222
237.92227,19.16832,569.8,181.1,M2,Q1549,25.03,0.64,2.06,no,2.875,2.867,-1.0,GAL,"""also GNB446; nz; m6; abs z uncertain, from SiIV""",Q1549-M2,Q1549-M2,590693890.0,2.867
238.00563,19.21691,1391.4,1525.2,M21,Q1549,25.21,0.7,1.97,no,2.834,-2.0,-1.0,GAL,"""also GNB4473; nz; m7; not very impressive""",Q1549-M21,Q1549-M21,8261007900.0,2.834
238.01131,19.16113,443.9,1614.5,M22,Q1549,24.85,0.71,1.91,no,3.1588,3.149,3.1535,GAL,"""msf m1 5/16; nz; m6,m7,L2; v. strong Lya em double, 3.1588/3.1510""",Q1549-M22,Q1549-M22,5167122400.0,3.1535
238.02395,19.20243,1144.8,1819.6,M23,Q1549,24.91,0.67,2.14,no,-2.0,3.409,-1.0,GAL,"""z from mN1;check red side; floater at z=3.429""",Q1549-M23,Q1549-M23,8110343200.0,3.409
238.03341,19.18485,845.9,1971.2,M26,Q1549,23.87,1.04,2.38,no,-2.0,2.751,-1.0,GAL,"""mN2""",Q1549-M26,Q1549-M26,1595495600.0,2.751
237.92489,19.1395,80.2,221.9,M5,Q1549,25.12,0.66,1.96,no,2.936,2.931,-1.0,GAL,"""""",Q1549-M5,Q1549-M5,15558040000.0,2.931
237.93198,19.16245,469.6,337.1,M6,Q1549,25.49,0.63,1.71,no,2.8909,-2.0,-1.0,GAL,"""nz; m2; strong Lya abs @z=2.845""",Q1549-M6,Q1549-M6,4567942100.0,2.8909
237.92876,19.15909,412.7,285.1,MD1,Q1549,25.41,0.4,1.42,yes,2.7113,2.7055,-1.0,GAL,"""nz; m1+m2+m6; Lya em double, 2.7113/2.7016""",Q1549-MD1,Q1549-MD1,984973440.0,2.7055
237.96474,19.18521,854.7,865.6,MD10,Q1549,23.04,0.23,1.35,yes,2.853,-2.0,2.8513,QSO,"""also GNB2267; on QSO-W kcwi cube; zneb from [OIII] 4363 in mosfire H band spectrum""",Q1549-MD10,Q1549-MD10,8872631300.0,2.8513
237.96542,19.21405,1344.5,877.8,MD11,Q1549,24.83,0.36,1.44,yes,-2.0,2.354,-1.0,GAL,"""nz; z from noz2[ap1]""",Q1549-MD11,Q1549-MD11,2004703900.0,2.354
237.96618,19.17811,734.1,888.5,MD12,Q1549,24.87,0.38,1.78,yes,2.856,2.849,2.8495,GAL,"""also GNB 2427; double Lya (2.856/2.845);nirspec z is 2.8492""",Q1549-MD12,Q1549-MD12,3016541700.0,2.8495
237.97382,19.21129,1297.3,1012.9,MD16,Q1549,25.24,0.34,1.49,yes,-2.0,2.35,-1.0,GAL,"""mnoz1[ap2]""",Q1549-MD16,Q1549-MD16,1793585500.0,2.35
237.97402,19.18614,870.1,1015.1,MD17,Q1549,23.75,0.24,1.36,yes,2.848,2.843,-1.0,QSO,"""on kcwi QSO-E kcwi cube;also NB2079; nz; m3,m6; abs near em z; v. close to sightline""",Q1549-MD17,Q1549-MD17,49605636000.0,2.843
237.97569,19.19531,1025.8,1042.4,MD18,Q1549,25.17,-0.22,0.87,yes,2.5163,-2.0,2.5116,GAL,"""nz; m8""",Q1549-MD18,Q1549-MD18,2094574500.0,2.5116
237.97914,19.19683,1051.5,1098.0,MD19,Q1549,24.93,0.23,1.47,yes,2.694,2.693,-1.0,GAL,"""nz; m8""",Q1549-MD19,Q1549-MD19,719369600.0,2.693
237.97921,19.20914,1260.5,1099.6,MD20,Q1549,24.73,0.15,1.23,yes,2.5157,2.51,-1.0,GAL,"""nz; m7; xtra abs z=2.349""",Q1549-MD20,Q1549-MD20,2861681700.0,2.51
237.98574,19.16378,489.9,1202.9,MD21,Q1549,24.31,0.43,1.45,yes,2.5383,2.5318,2.5338,GAL,"""nz; m1""",Q1549-MD21,Q1549-MD21,59528090000.0,2.5338
237.98741,19.21195,1307.9,1231.7,MD22,Q1549,25.47,0.13,1.4,yes,2.602,-2.0,-1.0,GAL,"""nz; on 3 aes masks""",Q1549-MD22,Q1549-MD22,927726210.0,2.602
237.99208,19.13646,25.7,1303.8,MD23,Q1549,24.57,0.33,1.66,yes,2.8454,-2.0,-1.0,GAL,"""z observed as GNB4724""",Q1549-MD23,Q1549-MD23,595699330.0,2.8454
238.00078,19.14166,113.6,1444.2,MD25,Q1549,24.39,0.23,1.3,yes,2.541,-2.0,-1.0,GAL,"""ap1 on mN1""",Q1549-MD25,Q1549-MD25,3602981900.0,2.541
238.00469,19.18193,797.4,1508.7,MD26,Q1549,24.8,0.26,1.43,yes,-2.0,2.068,-1.0,GAL,"""nz; m8[ap1]; [ap2] has z=2.854""",Q1549-MD26,Q1549-MD26,4349343200.0,2.068
238.00091,19.20514,1191.7,1448.8,MD28,Q1549,23.42,-0.12,0.93,yes,2.54,-2.0,2.522,QSO,"""kcwi Q1549-MD28 cube, May 2025; zneb msfr 5/2025, Q1549_plume_K""",Q1549-MD28,Q1549-MD28,35608306000.0,2.522
238.00648,19.17213,630.9,1537.1,MD29,Q1549,25.24,0.38,1.49,yes,2.506,2.503,-1.0,GAL,"""nz; on noz1[ap2],noz3""",Q1549-MD29,Q1549-MD29,1587985500.0,2.503
237.93596,19.21221,1314.5,403.5,MD3,Q1549,24.41,0.41,1.49,yes,2.502,2.498,-1.0,GAL,"""nz; m1; poss add. system @z=2.351""",Q1549-MD3,Q1549-MD3,25056311000.0,2.498
238.01428,19.18811,902.0,1663.4,MD30,Q1549,24.73,0.51,1.7,yes,-2.0,2.745,-1.0,GAL,"""nz; m5""",Q1549-MD30,Q1549-MD30,4127797000.0,2.745
238.02151,19.18652,874.7,1779.7,MD31,Q1549,25.25,0.36,1.41,yes,-2.0,2.439,-1.0,GAL,"""nz; noz1,noz3avg""",Q1549-MD31,Q1549-MD31,5343843300.0,2.439
238.02396,19.20397,1171.0,1819.8,MD33,Q1549,25.3,0.22,1.63,yes,-2.0,2.487,-1.0,GAL,"""""",Q1549-MD33,Q1549-MD33,8183461900.0,2.487
238.02637,19.21347,1332.2,1858.9,MD34,Q1549,24.08,0.67,1.96,yes,-2.0,2.849,-1.0,GAL,"""""",Q1549-MD34,Q1549-MD34,19224895000.0,2.849
238.02918,19.14451,161.0,1901.6,MD35,Q1549,23.92,0.52,1.87,yes,-2.0,2.509,-1.0,GAL,"""""",Q1549-MD35,Q1549-MD35,4563291100.0,2.509
238.02894,19.14406,153.3,1897.7,MD36,Q1549,25.39,0.1,1.17,yes,-2.0,2.509,-2.0,GAL,"""mL2; msfr m1 5/16""",Q1549-MD36,Q1549-MD36,2640955400.0,2.509
238.03312,19.18388,829.5,1966.5,MD37,Q1549,24.94,0.14,1.23,yes,-2.0,2.226,-1.0,GAL,"""m6,m7,m8; z from m8""",Q1549-MD37,Q1549-MD37,6937837600.0,2.226
238.0342,19.19408,1002.6,1984.3,MD38,Q1549,24.06,0.3,1.4,yes,-2.0,2.757,-1.0,GAL,"""""",Q1549-MD38,Q1549-MD38,4789658600.0,2.757
237.93696,19.15472,338.1,417.0,MD4,Q1549,24.95,0.33,1.8,yes,2.5422,2.536,-1.0,GAL,"""nz; m8; poss serendip (ap2) @2.873""",Q1549-MD4,Q1549-MD4,1133504500.0,2.536
237.93839,19.18475,848.1,441.4,MD5,Q1549,25.06,0.51,1.99,yes,3.146,3.139,3.1426,GAL,"""zneb mosfire; nz; noz2[ap1],noz3""",Q1549-MD5,Q1549-MD5,8643428400.0,3.1426
237.94157,19.20823,1246.7,493.7,MD6,Q1549,24.03,0.44,1.49,yes,2.7417,2.733,-1.0,GAL,"""nz; m6; em poss @2.414 also""",Q1549-MD6,Q1549-MD6,2275053800.0,2.733
237.94803,19.17042,604.3,595.9,MD7,Q1549,25.12,0.27,1.66,yes,2.8571,2.851,2.8517,GAL,"""mosfire slit also has z=2.8499;nz; m8; wk abs; add. abs @2.239 (DLA)""",Q1549-MD7,Q1549-MD7,681575230.0,2.8517
237.96134,19.16064,437.6,809.8,MD9,Q1549,24.17,0.53,2.01,yes,2.852,2.843,-1.0,GAL,"""nz; m2 """,Q1549-MD9,Q1549-MD9,9817032700.0,2.843
237.97142,19.18245,807.7,970.6,NB1931,Q1549,26.08,0.33,1.79,no,2.8527,2.0,1.0,GAL,"strong lya - catalog z is off""",Q1549-NB1931,Q1549-NB1931,209934960.0,1.0
237.97352,19.1825,80.0,1007.0,QSO-E-CS17,Q1549,25.52,0.63,-0.01,yes,2.8535,-2.0,-1.0,GAL,""" strong lya""",Q1549-QSO-E-CS17,Q1549-QSO-E-CS17,4494802400.0,2.8535
237.97537,19.1804,77.0,1037.0,QSO-E-CS3,Q1549,24.94,0.47,-0.04,yes,2.1686,-2.0,-1.0,GAL,"""really just lya """,Q1549-QSO-E-CS3,Q1549-QSO-E-CS3,2271673100.0,2.1686
237.96104,19.18668,88.0,807.0,QSO-W-CS5,Q1549,24.13,0.47,0.33,yes,-2.0,1.8453,-1.0,GAL,""" probable CIV doublet      """,Q1549-QSO-W-CS5,Q1549-QSO-W-CS5,1508394600.0,1.8453
238.02007,19.21757,1402.1,1757.7,RK102,Q1549,25.08,1.11,1.04,yes,-1.0,-1.0,1.4572,GAL,"""zneb msfr 5/2014""",Q1549-RK102,Q1549-RK102,29906610000.0,1.4572
237.98684,19.19443,1010.4,1221.8,RK107,Q1549,25.48,0.52,0.49,yes,-1.0,-1.0,1.6714,GAL,"""msfr slitcor1 5/16""",Q1549-RK107,Q1549-RK107,30222823000.0,1.6714
237.94204,19.14848,231.9,498.5,RK110,Q1549,25.18,0.52,0.42,yes,-1.0,-1.0,1.5975,GAL,"""zneb msfr 5/2013 close1H""",Q1549-RK110,Q1549-RK110,15034870000.0,1.5975
237.99191,19.16429,498.3,1302.2,RK111,Q1549,24.15,1.01,0.91,yes,-1.0,-1.0,1.2758,GAL,"""msfr 5/2014, 5/2016""",Q1549-RK111,Q1549-RK111,26604954000.0,1.2758
238.00478,19.19168,963.0,1510.5,RK121,Q1549,24.68,0.77,1.76,yes,-1.0,-1.0,2.3314,GAL,"""zneb 5/2014, K+H bands""",Q1549-RK121,Q1549-RK121,8886741000.0,2.3314
237.99199,19.20723,1227.5,1305.3,xS15,Q1549,20.12,1.09,1.9,yes,2.8516,-2.0,-2.0,QSO,"""GNB4950b, red QSO""",Q1549-xS15,Q1549-xS15,29631980000.0,2.8516
