ID, Source RA (Degrees), Source Dec (Degrees), Source Type, Source MSA Disp (meters), Source MSA Spat (meters), Aperture PA (Degrees), Fiducial RA (Degrees), Fiducial Dec (Degrees), V2 (arcsec), V3 (arcsec), Quadrant, Column (Disp), Row (Spat), Offset (x), Offset (y), NRS1 Min Wave, NRS1 Max Wave, NRS2 Min Wave, NRS2 Max Wave,config,group,name,final_weight,pre_footprint_weight,base_weight,type_override_weight,type_rule,downgraded,z_guess,footprint_ok,local_mean,stamp_bounds,ra_deg,dec_deg,ra_hms,dec_dms,shape,pointsym,color,text,comments_x,attrs_raw,order_in_file,SED_ID,stellar_mass,SFR,RA,DEC,X,Y,NAME,FIELD,Rs,GmRs,UmG,Udet,zlya,zabs,zneb,type,comments_y,FULL_ID,NBmag,NBcol,Comments,z_best
1,237.96474,19.18521,Primary,0.01046,-0.028762,258.0058,237.98804433,19.182285,408.3247,-502.5954,3,57,65,0.355,0.435,-1.0,2.60499263,2.76904488,-2.0,c1e1n1,Primary,MD10,150,150,150,,,0,2.8491,True,,,237.96474,19.18521,15:51:51.538,+19:11:06.756,circle,,darkgreen,MD10,2.8491 QSO,color=darkgreen  width=2 text={MD10} comment={2.8491 QSO},3,Q1549-MD10,8872631300.0,140.0,237.96474,19.18521,854.7755,865.6938,MD10,Q1549,23.04,0.23,1.35,yes,2.853,-2.0,2.8513,QSO,also GNB2267; on QSO-W kcwi cube; zneb from [OIII] 4363 in mosfire H band spectrum,Q1549-MD10,,,,2.8513
2,237.97402,19.18614,Primary,0.009198,-0.016742,258.0058,237.98804433,19.182285,389.906,-476.7562,3,45,124,0.307,0.488,-1.0,2.5867312,2.75096893,-2.0,c1e1n1,Primary,MD17,150,150,150,,,0,2.845,True,,,237.97402,19.18614,15:51:53.765,+19:11:10.104,circle,,darkgreen,MD17,2.845 QSO,color=darkgreen  width=2 text={MD17} comment={2.845 QSO},4,Q1549-MD17,49605636000.0,24.0,237.97402,19.18614,870.1806,1015.141,MD17,Q1549,23.75,0.24,1.36,yes,2.848,2.843,-1.0,QSO,"on kcwi QSO-E kcwi cube;also NB2079; nz; m3,m6; abs near em z; v. close to sightline",Q1549-MD17,,,,2.843
3,237.96366,19.18492,Primary,0.010357,-0.030209,258.0058,237.98804433,19.182285,411.0382,-505.2811,3,56,58,0.374,0.328,-1.0,2.60041857,2.76444745,-2.0,c1e1n1,Primary,M15,150,150,150,,,0,2.8411,True,,,237.96366,19.18492,15:51:51.278,+19:11:05.712,circle,,darkgreen,M15,2.8411 AGN,color=darkgreen  width=2 text={M15} comment={2.8411 AGN},5,Q1549-M15,73242624000.0,36.0,237.96366,19.18492,849.8962,848.2932,M15,Q1549,24.52,0.91,2.06,no,2.845,-2.0,-1.0,AGN,"aka NB1614 on mask N1; appears to have broad CIV, see M15.br.fits in spec dir; GNB2254",Q1549-M15,,,,2.845
4,237.992,19.2072778,Primary,0.0335,0.012373,258.0058,237.98804433,19.182285,293.5863,-460.9044,4,276,26,0.752,0.72,-1.0,-2.0,-2.0,-2.0,c1e1n1,Primary,GNB4950b,50,50,150,50.0,^GNB,0,2.8516,True,,,237.992,19.2072778,15:51:58.080,+19:12:26.200,circle,,green,GNB4950b,"2.85162 QSO, LAB46","color=green width=2 text={GNB4950b} comment={2.85162 QSO, LAB46}",6,,,,,,,,,,,,,,,,,,,,,,,
31,237.95704,19.18278,Primary,0.009228,-0.039159,258.0058,237.98804433,19.182285,428.8071,-521.1032,3,45,14,0.64,0.356,-1.0,2.55849648,2.72237062,-2.0,c1e1n1,Primary,C12,150,150,150,,,0,2.8372,True,,,237.95567,19.16459,15:51:49.361,+19:09:52.524,circle,,blue,C12,2.8372,color=blue  width=2 text={C12} comment={2.8372},32,Q1549-C12,4456803800.0,5.0,237.95567,19.16459,504.9708,718.7534,C12,Q1549,25.19,0.5,2.16,no,-2.0,2.8352,-1.0,GAL,nz; m3; possible addl z=2.158,Q1549-C12,,,,2.8352
39,237.96546,19.17103,Primary,-0.009224,-0.031875,258.0058,237.98804433,19.182285,451.5886,-475.3829,1,320,50,0.248,0.187,-1.0,2.08450007,2.24850154,-2.0,c1e1n1,Primary,D11,150,150,150,,,0,2.839,True,,,237.95735,19.15082,15:51:49.764,+19:09:02.952,circle,,blue,D11,2.839,color=blue  width=2 text={D11} comment={2.839},40,Q1549-D11,7176792600.0,22.0,237.95735,19.15082,271.0401,745.1971,D11,Q1549,23.75,0.32,1.83,yes,-2.0,2.837,-1.0,GAL,nz; m4,Q1549-D11,,,,2.837
53,238.0141667,19.1670278,Primary,-0.028439,0.029303,258.0058,237.98804433,19.182285,382.7473,-324.0453,2,138,109,0.307,0.841,-1.0,-1.0,1.79951465,-2.0,c1e1n1,Primary,LAB43,150,150,150,,,0,,True,,,237.9490125,19.1965417,15:51:47.763,+19:11:47.550,point,box,#00DD00,LAB43,,point=box 18 color=#00DD00 width=2 text={LAB43},54,,,,,,,,,,,,,,,,,,,,,,,
56,238.0091292,19.1801022,Primary,-0.008893,0.02654,258.0058,237.98804433,19.182285,350.1733,-362.099,2,324,96,0.493,0.291,-1.0,2.15209866,2.31682301,-2.0,c1e1n1,Primary,SMGL2019-9,150,150,150,,,0,2.85,True,,,237.9499583,19.194175,15:51:47.990,+19:11:39.030,point,circle,yellow,SMGL2019-9,2.85  L2019-9;SC2025/5.8sig,point=circle 16 color=yellow width=2 text={SMGL2019-9} comment={2.85  L2019-9;SC2025/5.8sig},57,,,,,,,,,,,,,,,,,,,,,,,
106,237.97025,19.1947028,Primary,0.022024,-0.019058,258.0058,237.98804433,19.182285,369.3526,-503.0671,3,167,113,0.479,0.126,-1.0,2.9206965,3.08490205,-2.0,c1e1n1,Primary,GNB2512,25,50,150,50.0,^GNB,1,2.8387,False,,,237.96975,19.1941417,15:51:52.740,+19:11:38.910,circle,,green,GNB2512,2.8387,color=green width=2 text={GNB2512} comment={2.8387},107,Q1549-GNB2512,164848930.0,3.0,237.9697465,19.194164,1006.63,946.68,GNB2512,Q1549,,,,,2.8387,-1.0,,,,Q1549-GNB2512,23.2,2.3,GNB2512 23.2005 2.3028 2.8387 ; mult. apertures; NB1824 23.5079 1.9212 nb1929 22.9853 2.0751,2.8387
111,237.9711667,19.1950222,Primary,0.022215,-0.017802,258.0058,237.98804433,19.182285,366.8197,-500.9173,3,169,119,0.301,0.293,-1.0,2.92777538,3.09199882,-2.0,c1e1n1,Primary,GNB2659,25,50,150,50.0,^GNB,1,2.8391,False,,,237.97025,19.1947028,15:51:52.860,+19:11:40.930,circle,,green,GNB2659,2.8391,color=green width=2 text={GNB2659} comment={2.8391},112,Q1549-GNB2659,2341880600.0,1.0,237.9702536,19.1947272,1016.18,954.87,GNB2659,Q1549,,,,,2.8391,-1.0,,,,Q1549-GNB2659,24.0,75.26,GNB2659 24.0016 75.263 2.8391 ; [ap2]; NB1899 24.3234 1.5158 nb2019 23.7609 1.7124 2.8391,2.8391
117,238.0089583,19.1761472,Primary,-0.014331,0.025178,258.0058,237.98804433,19.182285,362.8595,-355.6069,2,272,89,0.699,0.592,-1.0,2.00572944,2.17044187,-2.0,c1e1n1,Primary,GNB2786,25,50,150,50.0,^GNB,1,2.8561,False,,,237.97275,19.1955028,15:51:53.460,+19:11:43.810,circle,,green,GNB2786,2.8561,color=green width=2 text={GNB2786} comment={2.8561},118,Q1549-GNB2786,816340740.0,1.0,237.9727489,19.1955302,1029.71,995.08,GNB2786,Q1549,,,,,2.8561,-1.0,,,,Q1549-GNB2786,24.64,1.41,GNB2786 24.6444 1.4058 2.8561 ; double lya ; NB2031 25.0030 1.1357 nb2143 24.6006,2.8561
127,238.020625,19.1647889,Primary,-0.03337,0.037041,258.0058,237.98804433,19.182285,378.9717,-300.9567,2,91,147,0.314,0.859,-1.0,-1.0,-1.0,-2.0,c1e1n1,Primary,GNB3262,50,50,150,50.0,^GNB,0,2.8065,True,,,238.0314583,19.1801333,15:52:07.550,+19:10:48.480,circle,,green,GNB3262,2.80646,color=green width=2 text={GNB3262} comment={2.80646},128,,,,,,,,,,,,,,,,,,,,,,,
139,238.011,19.2113694,Primary,0.034017,0.03811,258.0058,237.98804433,19.182285,249.0114,-411.8863,4,281,153,0.626,0.198,-1.0,-2.0,-2.0,-2.0,c1e1n1,Primary,GNB4116,25,50,150,50.0,^GNB,1,2.8281,False,,,238.0133333,19.1525083,15:52:03.200,+19:09:09.030,circle,,green,GNB4116,2.8281,color=green width=2 text={GNB4116} comment={2.8281},140,,,,,,,,,,,,,,,,,,,,,,,
171,237.98125,19.1629667,Primary,-0.024734,-0.014123,258.0058,237.98804433,19.182285,450.4918,-414.3512,1,172,137,0.443,0.368,-1.0,-1.0,1.85876417,-2.0,c1e1n1,Primary,GNB5435,25,50,150,50.0,^GNB,1,2.8242,False,,,237.9858333,19.1481917,15:51:56.600,+19:08:53.490,circle,,green,GNB5435,2.82423,color=green width=2 text={GNB5435} comment={2.82423},172,Q1549-GNB5435,577084060000.0,289.0,237.985777,19.1481929,225.24,1202.86,GNB5435,Q1549,,,,,-1.0,-1.0,,,,Q1549-GNB5435,26.7,0.76,,
215,237.97176,19.15904,Filler,-0.027447,-0.027263,258.0058,237.98804433,19.182285,478.6617,-435.5149,1,146,72,0.648,0.803,-1.0,-1.0,1.77298474,-2.0,c1e1n1,Primary,DRG31,100,100,150,100.0,^DRG,0,,True,,,237.970688,19.154043,15:51:52.965,+19:09:14.555,circle,,magenta,DRG31 FSzP628,,color=magenta width=2 text={DRG31 FSzP628},215,,,,,,,,,,,,,,,,,,,,,,,
233,238.01131,19.16113,Filler,-0.035788,0.023924,258.0058,237.98804433,19.182285,406.014,-322.0694,2,68,83,0.317,0.399,-1.0,-1.0,-1.0,-2.0,c1e1n1,Primary,DRG78,100,100,150,100.0,^DRG,0,,True,,,238.034851,19.137964,15:52:08.364,+19:08:16.670,circle,,magenta,DRG78 FSzP47,,color=magenta width=2 text={DRG78 FSzP47},233,,,,,,,,,,,,,,,,,,,,,,,
286,237.99104,19.20554,Filler,0.031355,0.010629,258.0058,237.98804433,19.182285,300.6392,-460.6726,4,256,18,0.329,0.149,-1.0,-2.0,-2.0,-2.0,c1e1n1,Filler,BX26,5,5,5,,,0,2.4305,True,,,237.92681,19.18587,15:51:42.434,+19:11:09.132,circle,,darkgreen,BX26,2.4305,color=darkgreen  width=2 text={BX26} comment={2.4305},55,Q1549-BX26,892491520.0,11.0,237.92681,19.18587,867.6579,255.0523,BX26,Q1549,24.93,0.28,0.85,yes,2.434,-2.0,-1.0,AGN,has NV em?,Q1549-BX26,,,,2.434
291,237.99568,19.21032,Filler,0.036715,0.018001,258.0058,237.98804433,19.182285,277.899,-455.3901,4,307,54,0.368,0.383,-1.0,-2.0,-2.0,-2.0,c1e1n1,Filler,BX40,1,1,1,,,0,1.8715,True,,,237.9437,19.16866,15:51:46.488,+19:10:07.176,circle,,blue,BX40,1.8715,color=blue  width=2 text={BX40} comment={1.8715},60,Q1549-BX40,4190948400.0,13.0,237.9437,19.16866,574.6161,526.1975,BX40,Q1549,24.49,0.2,0.6,yes,-2.0,1.87,-1.0,GAL,nz; z from N2,Q1549-BX40,,,,1.87
295,238.00512,19.17761,Filler,-0.011226,0.020639,258.0058,237.98804433,19.182285,364.6878,-369.5621,2,302,67,0.289,0.29,-1.0,2.0855031,2.25017643,-2.0,c1e1n1,Filler,BX51,5,5,5,,,0,2.2895,True,,,237.9539,19.18669,15:51:48.936,+19:11:12.084,circle,,red,BX51,2.2895,color=red  width=2 text={BX51} comment={2.2895},64,Q1549-BX51,2442674700.0,19.0,237.9539,19.18669,880.3754,691.2357,BX51,Q1549,24.56,0.25,0.91,yes,2.294,2.288,2.2895,GAL,zneb mosfire; nz; m2,Q1549-BX51,,,,2.2895
297,238.00669,19.16437,Filler,-0.029998,0.018877,258.0058,237.98804433,19.182285,403.5772,-341.4854,2,123,58,0.483,0.607,-1.0,-1.0,1.74929476,-2.0,c1e1n1,Filler,BX54,5,5,5,,,0,2.321,True,,,237.95734,19.18577,15:51:49.762,+19:11:08.772,circle,,red,BX54,2.321,color=red  width=2 text={BX54} comment={2.321},66,Q1549-BX54,775888190.0,12.0,237.95734,19.18577,864.6022,746.5786,BX54,Q1549,25.09,0.11,0.49,yes,2.326,2.3185,2.321,GAL,"nz; m4; xtra abs, poss. strong CII* em",Q1549-BX54,,,,2.321
304,238.01486,19.16727,Filler,-0.028299,0.030271,258.0058,237.98804433,19.182285,380.829,-322.4206,2,139,114,0.63,0.597,-1.0,-1.0,1.80310059,-2.0,c1e1n1,Filler,BX70,1,1,1,,,0,1.7739,True,,,237.96674,19.15783,15:51:52.018,+19:09:28.188,circle,,blue,BX70,1.7739,color=blue  width=2 text={BX70} comment={1.7739},73,Q1549-BX70,5424364000.0,17.0,237.96674,19.15783,389.6918,896.7105,BX70,Q1549,23.48,0.16,0.52,yes,1.7779,1.7725,-1.0,GAL,nz; m6,Q1549-BX70,,,,1.7725
307,238.01765,19.16101,Filler,-0.037756,0.0321,258.0058,237.98804433,19.182285,395.7927,-303.0801,2,49,123,0.547,0.572,-1.0,-1.0,-1.0,-2.0,c1e1n1,Filler,BX84,5,5,5,,,0,2.825,True,,,237.97374,19.20684,15:51:53.698,+19:12:24.624,circle,,blue,BX84,2.825,color=blue  width=2 text={BX84} comment={2.825},76,Q1549-BX84,3667145700.0,11.0,237.97374,19.20684,1221.7438,1011.514,BX84,Q1549,24.47,0.5,1.07,yes,-2.0,2.823,-1.0,GAL,nz; m3; v strong Lya and ism abs,Q1549-BX84,,,,2.823
365,238.003403,19.162231,Filler,-0.032021,0.014033,258.0058,237.98804433,19.182285,415.7777,-347.4358,2,104,34,0.229,0.798,-1.0,-1.0,-1.0,-2.0,c1e1n1,Filler,MD6,5,5,5,,,0,2.7349,True,,,237.94157,19.20823,15:51:45.977,+19:12:29.628,circle,,blue,MD6,2.7349,color=blue  width=2 text={MD6} comment={2.7349},134,Q1549-MD6,2275053800.0,28.0,237.94157,19.20823,1246.7345,493.7085,MD6,Q1549,24.03,0.44,1.49,yes,2.7417,2.733,-1.0,GAL,nz; m6; em poss @2.414 also,Q1549-MD6,,,,2.733
480,237.9715833,19.1683389,Filler,-0.014629,-0.024888,258.0058,237.98804433,19.182285,449.7974,-452.4862,1,268,84,0.731,0.5,-1.0,1.94881988,2.11293435,-2.0,c1e1n1,Filler,GNB269,5,10,1,10.0,^GNB,1,,False,,,237.9176667,19.1914833,15:51:40.240,+19:11:29.340,circle,,red,GNB269,,color=red width=2 text={GNB269},249,,,,,,,,,,,,,,,,,,,,,,,
545,238.0190833,19.1595333,Filler,-0.040206,0.033539,258.0058,237.98804433,19.182285,398.0268,-296.222,2,26,130,0.209,0.64,-1.0,-1.0,-1.0,-2.0,c1e1n1,Filler,GNB3866,5,10,1,10.0,^GNB,1,,False,,,238.01775,19.1462222,15:52:04.260,+19:08:46.400,circle,,red,GNB3866,,color=red width=2 text={GNB3866},314,,,,,,,,,,,,,,,,,,,,,,,
561,238.0084167,19.1699583,Filler,-0.022754,0.022701,258.0058,237.98804433,19.182285,383.1696,-346.2598,2,192,77,0.469,0.408,-1.0,1.78036785,1.94505954,-2.0,c1e1n1,Filler,GNB4216,5,10,1,10.0,^GNB,1,,False,,,238.0124583,19.1395222,15:52:02.990,+19:08:22.280,circle,,red,GNB4216,,color=red width=2 text={GNB4216},330,,,,,,,,,,,,,,,,,,,,,,,
596,237.992,19.2072778,Contaminant,0.0335,0.012373,258.0058,237.98804433,19.182285,293.5863,-460.9044,4,276,26,0.752,0.72,-1.0,-2.0,-2.0,-2.0,c1e1n1,Filler,GNB4859,10,10,1,10.0,^GNB,0,,True,,,237.9969583,19.1839889,15:51:59.270,+19:11:02.360,circle,,red,GNB4859,,color=red width=2 text={GNB4859},365,,,,,,,,,,,,,,,,,,,,,,,
605,237.9915,19.2000972,Filler,0.023699,0.009624,258.0058,237.98804433,19.182285,316.9371,-449.6813,4,183,13,0.399,0.2,-1.0,2.99937105,-2.0,-2.0,c1e1n1,Filler,GNB4984,10,10,1,10.0,^GNB,0,,True,,,237.9911667,19.1871361,15:51:57.880,+19:11:13.690,circle,,red,GNB4984,,color=red width=2 text={GNB4984},373,,,,,,,,,,,,,,,,,,,,,,,
624,237.9832917,19.1646778,Filler,-0.022955,-0.011043,258.0058,237.98804433,19.182285,441.7147,-411.3307,1,189,152,0.373,0.507,-1.0,1.74468958,1.90900791,-2.0,c1e1n1,Filler,GNB5368,10,10,1,10.0,^GNB,0,,True,,,237.9859167,19.2121694,15:51:56.620,+19:12:43.810,circle,,red,GNB5368,,color=red width=2 text={GNB5368},392,,,,,,,,,,,,,,,,,,,,,,,
955,238.0091292,19.1801022,Contaminant,-0.008893,0.02654,258.0058,237.98804433,19.182285,350.1733,-362.099,2,324,96,0.493,0.291,-1.0,2.15209866,2.31682301,-2.0,c1e1n1,Filler,LAE1635,1,1,1,,,0,,True,,,237.7795542,19.1782853,15:51:07.093,+19:10:41.827,point,cross,cyan,'LAE1635',,point=cross 14 color=cyan width=2 text={'LAE1635'},723,,,,,,,,,,,,,,,,,,,,,,,
8,237.9749167,19.1782889,Primary,-0.030226,0.022653,257.9945,237.95343363,19.19578389,397.5396,-333.8342,2,121,77,0.304,0.159,-1.0,-1.0,1.74686825,-2.0,c2e1n1,Primary,GNB2920,50,50,150,50.0,^GNB,0,2.8687,True,,,237.9749167,19.1782889,15:51:53.980,+19:10:41.840,circle,,green,GNB2920,2.86873 CO detection,color=green width=2 text={GNB2920} comment={2.86873 CO detection},10,,,,,,,,,,,,,,,,,,,,,,,
12,237.971375,19.1762222,Primary,-0.032077,0.017493,257.9945,237.95343363,19.19578389,409.9373,-340.6682,2,103,51,0.684,0.801,-1.0,-1.0,-1.0,-2.0,c2e1n1,Primary,GNB2753,50,50,150,50.0,^GNB,0,2.852,True,,,237.971375,19.1762222,15:51:53.130,+19:10:34.400,circle,,green,GNB2753,2.85203 in HS1549 tail also LAE 1617,color=green width=2 text={GNB2753} comment={2.85203 in HS1549 tail also LAE 1617},14,,,,,,,,,,,,,,,,,,,,,,,
13,237.9713333,19.1825028,Primary,-0.023381,0.019229,257.9945,237.95343363,19.19578389,390.3123,-351.9008,2,186,60,0.513,0.343,-1.0,1.76072502,1.92538583,-2.0,c2e1n1,Primary,NB1931,50,50,150,50.0,^NB,0,2.8524,True,,,237.9713333,19.1825028,15:51:53.120,+19:10:57.010,circle,,green,NB1931,2.8524 inside QSO nebula,color=green width=2 text={NB1931} comment={2.8524 inside QSO nebula },15,Q1549-NB1931,209934960.0,4.0,237.97142,19.18245,807.71,970.68,NB1931,Q1549,26.08,0.33,1.79,no,2.8527,-2.0,-1.0,GAL,strong lya - catalog z is off,Q1549-NB1931,,,,2.8527
19,237.94803,19.17042,Primary,-0.033436,-0.014049,257.9945,237.95343363,19.19578389,467.13,-399.5536,1,89,137,0.556,0.713,-1.0,-1.0,-1.0,-2.0,c2e1n1,Primary,MD34,150,150,150,,,0,2.851,True,,,238.02637,19.21347,15:52:06.329,+19:12:48.492,circle,,blue,MD34,2.851,color=blue  width=2 text={MD34} comment={2.851},20,Q1549-MD34,19224895000.0,24.0,238.02637,19.21347,1332.2836,1858.993,MD34,Q1549,24.08,0.67,1.96,yes,-2.0,2.849,-1.0,GAL,,Q1549-MD34,,,,2.849
29,237.93853,19.20366,Primary,0.014984,-0.016697,257.9945,237.95343363,19.19578389,378.752,-486.4694,3,100,124,0.414,0.714,-1.0,2.7386539,2.90289187,-2.0,c2e1n1,Primary,C6,150,150,150,,,0,2.83,True,,,237.9365,19.1758,15:51:44.760,+19:10:32.880,circle,,blue,C6,2.83,color=blue  width=2 text={C6} comment={2.83},30,Q1549-C6,15682951000.0,12.0,237.9365,19.1758,696.1973,410.5956,C6,Q1549,24.32,0.68,2.62,no,-2.0,2.828,-1.0,GAL,"nz;v. weak em; mult masks (m3,m5,m7)",Q1549-C6,,,,2.828
61,237.9353333,19.1965417,Primary,0.006056,-0.022796,257.9945,237.95343363,19.19578389,406.414,-483.3506,3,15,94,0.391,0.742,-1.0,2.49649334,2.66063929,-2.0,c2e1n1,Primary,NB3147,50,50,150,50.0,^NB,0,2.829,True,,,238.0091292,19.1801022,15:52:02.191,+19:10:48.368,point,cross,cyan,'NB3147',2.8290 LyC leaker lae7832 in Mostardi+13,point=cross 14 color=cyan width=2 text={'NB3147'} comment={2.8290 LyC leaker lae7832 in Mostardi+13},62,Q1549-NB3147,964461890.0,19.0,238.0091605,19.1801533,767.1,1580.67,NB3147,Q1549,,,,,2.829,-1.0,,,,Q1549-NB3147,24.51,0.44,nb3249 24.1787 0.5628 2.8290,2.829
76,237.94375,19.2107222,Primary,0.023301,-0.008012,257.9945,237.95343363,19.19578389,347.8876,-483.4979,3,179,167,0.62,0.393,-1.0,2.96761084,-2.0,-2.0,c2e1n1,Primary,GNB126,25,50,150,50.0,^GNB,1,2.8547,False,,,237.9152917,19.2209361,15:51:39.670,+19:13:15.370,circle,,green,GNB126,2.8547,color=green width=2 text={GNB126} comment={2.8547},77,,,,,,,,,,,,,,,,,,,,,,,
93,237.9574583,19.2132444,Primary,0.023055,0.010255,257.9945,237.95343363,19.19578389,317.086,-447.363,4,177,16,0.264,0.303,-1.0,2.98342276,-2.0,-2.0,c2e1n1,Primary,GNB1972,50,50,150,50.0,^GNB,0,2.8405,True,,,237.955125,19.1867611,15:51:49.230,+19:11:12.340,circle,,green,GNB1972,2.84052,color=green width=2 text={GNB1972} comment={2.84052},94,,,,,,,,,,,,,,,,,,,,,,,
101,237.96975,19.1941417,Primary,-0.006813,0.020529,257.9945,237.95343363,19.19578389,356.4598,-377.1765,2,344,66,0.324,0.758,-1.0,2.20241737,2.36708879,-2.0,c2e1n1,Primary,GNB2273,50,50,150,50.0,^GNB,0,2.8458,True,,,237.9615833,19.1761833,15:51:50.780,+19:10:34.260,circle,,green,GNB2273,2.84578,color=green width=2 text={GNB2273} comment={2.84578},102,,,,,,,,,,,,,,,,,,,,,,,
118,237.98375,19.1930361,Primary,-0.012272,0.038344,257.9945,237.95343363,19.19578389,336.5388,-333.7607,2,292,154,0.27,0.294,-1.0,2.07253957,2.23735523,-2.0,c2e1n1,Primary,GNB2837,50,50,150,50.0,^GNB,0,2.7977,True,,,237.9768333,19.136425,15:51:54.440,+19:08:11.130,circle,,green,GNB2837,2.79766,color=green width=2 text={GNB2837} comment={2.79766},119,Q1549-GNB2837,1741356800.0,27.0,237.9768089,19.13641,25.49,1057.94,GNB2837,Q1549,,,,,2.7977,-1.0,,,,Q1549-GNB2837,23.26,3.1,,2.7977
128,237.9213333,19.2017806,Primary,0.017082,-0.03896,257.9945,237.95343363,19.19578389,413.3592,-534.0783,3,120,15,0.457,0.344,-1.0,2.7648983,2.9287765,-2.0,c2e1n1,Primary,GNB3424,50,50,150,50.0,^GNB,0,2.7657,True,,,238.027625,19.1809278,15:52:06.630,+19:10:51.340,circle,,green,GNB3424,2.76574,color=green width=2 text={GNB3424} comment={2.76574},129,,,,,,,,,,,,,,,,,,,,,,,
162,237.9857917,19.1778194,Primary,-0.033962,0.036608,257.9945,237.95343363,19.19578389,380.8421,-300.7953,2,85,145,0.674,0.728,-1.0,-1.0,-1.0,-2.0,c2e1n1,Primary,GNB5285,25,50,150,50.0,^GNB,1,2.8604,False,,,237.9888333,19.1449417,15:51:57.320,+19:08:41.790,circle,,green,GNB5285,2.86042,color=green width=2 text={GNB5285} comment={2.86042},163,Q1549-GNB5285,8614313000.0,4.0,237.9887839,19.1449444,169.95,1251.15,GNB5285,Q1549,,,,,2.8604,-1.0,,,,Q1549-GNB5285,25.99,0.92,,2.8604
170,237.977125,19.1822556,Primary,-0.025361,0.026642,257.9945,237.95343363,19.19578389,381.4116,-334.3105,2,167,96,0.629,0.772,-1.0,1.713714,1.87843883,-2.0,c2e1n1,Primary,GNB5428,50,50,150,50.0,^GNB,0,2.8495,True,,,237.9840417,19.1990111,15:51:56.170,+19:11:56.440,circle,,green,GNB5428,2.8495,color=green width=2 text={GNB5428} comment={2.8495},171,Q1549-GNB5428,6159660500.0,3.0,237.9840256,19.1990493,1089.01,1176.77,GNB5428,Q1549,,,,,2.8495,-1.0,,,,Q1549-GNB5428,25.53,1.07,GNB5428 25.5314 1.0712 2.8495 ; NB3950 25.9690 0.5306 nb4114 25.4228 0.6175 2.8495,2.8495
174,237.976125,19.1910556,Primary,-0.01288,0.02788,257.9945,237.95343363,19.19578389,355.4877,-352.8382,2,286,102,0.51,0.87,-1.0,2.04707146,2.21180606,-2.0,c2e1n1,Primary,GNB5494,50,50,150,50.0,^GNB,0,2.868,True,,,237.9848333,19.1849861,15:51:56.360,+19:11:05.950,circle,,green,GNB5494,2.8680,color=green width=2 text={GNB5494} comment={2.8680},174,Q1549-GNB5494,2583869200.0,3.0,237.984821,19.1850158,850.65,1188.99,GNB5494,Q1549,,,,,2.868,-1.0,,,,Q1549-GNB5494,24.72,2.31,GNB5494 24.7233 2.3056 2.8680 ; NB3858 25.0253 1.4215 nb4041 24.4557 1.5792 2.8680,2.868
175,237.9754167,19.2178583,Primary,0.024542,0.034782,257.9945,237.95343363,19.19578389,272.624,-402.3462,4,191,136,0.372,0.832,-1.0,3.04782081,-2.0,-2.0,c2e1n1,Primary,GNB5571,50,50,150,50.0,^GNB,0,2.7137,True,,,237.9819167,19.152225,15:51:55.660,+19:09:08.010,circle,,green,GNB5571,2.71367,color=green width=2 text={GNB5571} comment={2.71367},175,Q1549-GNB5571,8512553500.0,4.0,237.9818861,19.1522262,293.89,1140.37,GNB5571,Q1549,,,,,2.7137,-1.0,,,,Q1549-GNB5571,26.25,0.62,,2.7137
176,237.9762083,19.1962972,Primary,-0.005629,0.029504,257.9945,237.95343363,19.19578389,338.9121,-361.8633,2,355,110,0.575,0.864,-1.0,2.24111795,2.40586543,-2.0,c2e1n1,Primary,GNB5642,50,50,150,50.0,^GNB,0,2.8456,True,,,237.977125,19.1822556,15:51:54.510,+19:10:56.120,circle,,green,GNB5642,2.84562,color=green width=2 text={GNB5642} comment={2.84562},176,,,,,,,,,,,,,,,,,,,,,,,
183,237.931625,19.1992528,Primary,0.010804,-0.026712,257.9945,237.95343363,19.19578389,404.1036,-499.1273,3,60,75,0.626,0.507,-1.0,2.61584306,2.77992845,-2.0,c2e1n1,Primary,GNB5877,50,50,150,50.0,^GNB,0,2.8414,True,,,237.9756667,19.1847306,15:51:54.160,+19:11:05.030,circle,,green,GNB5877,2.8414,color=green width=2 text={GNB5877} comment={2.8414},183,,,,,,,,,,,,,,,,,,,,,,,
184,237.9331667,19.1839639,Primary,-0.01064,-0.029106,257.9945,237.95343363,19.19578389,449.4783,-467.5288,1,306,63,0.75,0.786,-1.0,2.04894948,2.21299481,-2.0,c2e1n1,Primary,GNB669,25,50,150,50.0,^GNB,1,2.8388,False,,,237.927,19.1762167,15:51:42.480,+19:10:34.380,circle,,green,GNB669,2.8388,color=green width=2 text={GNB669} comment={2.8388},184,Q1549-GNB669,1164673300.0,1.0,237.9270346,19.1761886,703.23,258.21,GNB669,Q1549,,,,,2.8388,-1.0,,,,Q1549-GNB669,24.19,1.72,GNB669 24.1943 1.7194 2.8388 NB470 24.4217 1.3436 nb510 24.1150 1.5005 2.8388,2.8388
185,237.9343333,19.2154278,Primary,0.032329,-0.018606,257.9945,237.95343363,19.19578389,348.8536,-519.7054,3,265,115,0.639,0.358,-1.0,-2.0,-2.0,-2.0,c2e1n1,Primary,GNB699,50,50,150,50.0,^GNB,0,2.8633,True,,,237.92925,19.1778028,15:51:43.020,+19:10:40.090,circle,,green,GNB699,2.8633,color=green width=2 text={GNB699} comment={2.8633},185,,,,,,,,,,,,,,,,,,,,,,,
186,237.9343333,19.2154278,Contaminant,0.032329,-0.018606,257.9945,237.95343363,19.19578389,348.8536,-519.7054,3,265,115,0.639,0.358,-1.0,-2.0,-2.0,-2.0,c2e1n1,Primary,GNB709,25,50,150,50.0,^GNB,1,2.8466,False,,,237.9279167,19.2160333,15:51:42.700,+19:12:57.720,circle,,green,GNB709,2.8466,color=green width=2 text={GNB709} comment={2.8466},186,,,,,,,,,,,,,,,,,,,,,,,
207,237.94157,19.20823,Filler,0.020455,-0.011511,257.9945,237.95343363,19.19578389,359.3437,-485.547,3,152,150,0.522,0.197,-1.0,2.8887763,3.05308867,-2.0,c2e1n1,Primary,DRG3,100,100,150,100.0,^DRG,0,,True,,,237.923782,19.212986,15:51:41.708,+19:12:46.750,circle,,magenta,DRG3 FSzP987,,color=magenta width=2 text={DRG3 FSzP987},207,,,,,,,,,,,,,,,,,,,,,,,
216,237.98033,19.20542,Filler,0.005898,0.037508,257.9945,237.95343363,19.19578389,303.4201,-365.7952,4,13,150,0.764,0.207,-1.0,2.55422473,2.71903443,-2.0,c2e1n1,Primary,DRG33,100,100,150,100.0,^DRG,0,,True,,,237.971436,19.185369,15:51:53.145,+19:11:07.328,circle,,magenta,DRG33 FSzP623,,color=magenta width=2 text={DRG33 FSzP623},216,,,,,,,,,,,,,,,,,,,,,,,
330,237.94157,19.20823,Contaminant,0.020455,-0.011511,257.9945,237.95343363,19.19578389,359.3437,-485.547,3,152,150,0.522,0.197,-1.0,2.8887763,3.05308867,-2.0,c2e1n1,Filler,BX156,1,1,1,,,0,1.6655,True,,,238.00512,19.17761,15:52:01.229,+19:10:39.396,circle,,red,BX156,1.6655,color=red  width=2 text={BX156} comment={1.6655},99,Q1549-BX156,5895167000.0,7.0,238.00512,19.17761,724.0673,1515.512,BX156,Q1549,24.38,0.2,0.7,yes,-2.0,-2.0,1.6655,GAL,"nz; mosfire neb redshift, prev. was incorrect",Q1549-BX156,,,,1.6655
401,237.9427083,19.1754167,Filler,-0.025062,-0.019418,257.9945,237.95343363,19.19578389,460.3486,-424.1529,1,169,111,0.333,0.354,-1.0,-1.0,1.84499419,-2.0,c2e1n1,Filler,GNB1339,5,10,1,10.0,^GNB,1,,False,,,237.9404583,19.2095722,15:51:45.710,+19:12:34.460,circle,,red,GNB1339,,color=red width=2 text={GNB1339},170,,,,,,,,,,,,,,,,,,,,,,,
431,237.9551667,19.2190472,Filler,0.031707,0.009017,257.9945,237.95343363,19.19578389,302.7156,-464.4113,4,259,10,0.679,0.229,-1.0,-2.0,-2.0,-2.0,c2e1n1,Filler,GNB1866,5,10,1,10.0,^GNB,1,,False,,,237.9529167,19.2176083,15:51:48.700,+19:13:03.390,circle,,red,GNB1866,,color=red width=2 text={GNB1866},200,,,,,,,,,,,,,,,,,,,,,,,
493,237.9843333,19.1721222,Filler,-0.04143,0.033088,257.9945,237.95343363,19.19578389,401.1434,-295.0361,2,14,128,0.549,0.422,-1.0,-1.0,-1.0,-2.0,c2e1n1,Filler,GNB2817,10,10,1,10.0,^GNB,0,,True,,,237.9721667,19.1667222,15:51:53.320,+19:10:00.200,circle,,red,GNB2817,,color=red width=2 text={GNB2817},262,,,,,,,,,,,,,,,,,,,,,,,
498,237.9733333,19.19345,Filler,-0.008775,0.024959,257.9945,237.95343363,19.19578389,352.643,-365.3412,2,325,88,0.618,0.524,-1.0,2.15345883,2.31816959,-2.0,c2e1n1,Filler,GNB2838,5,10,1,10.0,^GNB,1,,False,,,237.973,19.2136333,15:51:53.520,+19:12:49.080,circle,,red,GNB2838,,color=red width=2 text={GNB2838},267,,,,,,,,,,,,,,,,,,,,,,,
17,237.97374,19.20684,Primary,0.030136,0.01776,257.9984,237.96524529,19.1833875,290.8305,-444.7277,4,244,53,0.696,0.191,-1.0,-2.0,-2.0,-2.0,c3e1n1,Primary,BX14,150,150,150,,,0,2.875,True,,,237.92047,19.2008,15:51:40.913,+19:12:02.880,circle,,blue,BX14,2.875,color=blue  width=2 text={BX14} comment={2.875},18,Q1549-BX14,2627303900.0,5.0,237.92047,19.2008,1121.5091,153.6915,BX14,Q1549,25.25,0.68,1.6,yes,2.8789,-2.0,-1.0,GAL,observed as GNB355,Q1549-BX14,,,,2.8789
19,237.94803,19.17042,Contaminant,-0.01307,-0.02557,257.9984,237.96524529,19.1833875,447.985,-456.4599,1,283,81,0.586,0.154,-1.0,1.98959756,2.15370226,-2.0,c3e1n1,Primary,MD34,150,150,150,,,0,2.851,True,,,238.02637,19.21347,15:52:06.329,+19:12:48.492,circle,,blue,MD34,2.851,color=blue  width=2 text={MD34} comment={2.851},20,Q1549-MD34,19224895000.0,24.0,238.02637,19.21347,1332.2836,1858.993,MD34,Q1549,24.08,0.67,1.96,yes,-2.0,2.849,-1.0,GAL,,Q1549-MD34,,,,2.849
20,237.96134,19.16064,Primary,-0.030266,-0.011408,257.9984,237.96524529,19.1833875,456.4208,-399.7378,1,119,150,0.737,0.695,-1.0,-1.0,1.71443641,-2.0,c3e1n1,Primary,MD7,150,150,150,,,0,2.8517,True,,,237.94803,19.17042,15:51:47.527,+19:10:13.512,circle,,red,MD7,2.8517,color=red  width=2 text={MD7} comment={2.8517},21,Q1549-MD7,681575230.0,3.0,237.94803,19.17042,604.3155,595.9967,MD7,Q1549,25.12,0.27,1.66,yes,2.8571,2.851,2.8517,GAL,mosfire slit also has z=2.8499;nz; m8; wk abs; add. abs @2.239 (DLA),Q1549-MD7,,,,2.8517
27,237.93506,19.19022,Primary,0.017708,-0.036316,257.9984,237.96524529,19.1833875,407.5514,-529.8887,3,126,28,0.406,0.333,-1.0,2.78498697,2.94891214,-2.0,c3e1n1,Primary,C1,150,150,150,,,0,2.8411,True,,,237.91523,19.17797,15:51:39.655,+19:10:40.692,circle,,blue,C1,2.8411,color=blue  width=2 text={C1} comment={2.8411},28,Q1549-C1,2803235800.0,17.0,237.91523,19.17797,734.0282,68.2339,C1,Q1549,24.72,0.46,2.49,no,2.845,-2.0,-1.0,GAL,,Q1549-C1,,,,2.845
32,237.9609,19.15512,Primary,-0.037725,-0.013509,257.9984,237.96524529,19.1833875,474.4661,-391.2784,1,48,140,0.699,0.358,-1.0,-1.0,-1.0,-2.0,c3e1n1,Primary,C13,150,150,150,,,0,2.8393,True,,,237.95704,19.18278,15:51:49.690,+19:10:58.008,circle,,blue,C13,2.8393 in LAB33,color=blue  width=2 text={C13} comment={2.8393 in LAB33},33,Q1549-C13,2239441400.0,2.0,237.95704,19.18278,813.8355,741.6166,C13,Q1549,25.14,0.22,2.27,no,2.8432,-2.0,-1.0,GAL,nz; m8; also GNB1988,Q1549-C13,,,,2.8432
42,237.99874,19.16092,Primary,-0.040516,0.036803,257.9984,237.96524529,19.1833875,393.0491,-289.4544,2,23,146,0.246,0.677,-1.0,-1.0,-1.0,-2.0,c3e1n1,Primary,D17,150,150,150,,,0,2.827,True,,,237.98934,19.18401,15:51:57.442,+19:11:02.436,circle,,blue,D17,2.827,color=blue  width=2 text={D17} comment={2.827},43,Q1549-D17,503364740.0,10.0,237.98934,19.18401,833.3812,1261.704,D17,Q1549,24.93,0.35,2.06,yes,2.841,2.825,-1.0,GAL,nz; m5; z corrected 12/23/2010; also GNB5274;,Q1549-D17,,,,2.825
57,237.9484583,19.166825,Primary,-0.018129,-0.026037,257.9984,237.96524529,19.1833875,458.5437,-448.8339,1,235,78,0.397,0.848,-1.0,1.85624719,2.02034259,-2.0,c3e1n1,Primary,SMGSC2025-1,150,150,150,,,0,2.85,True,,,237.9494167,19.1910944,15:51:47.860,+19:11:27.940,point,circle,yellow,SMGSC2025-1,2.85  SC2025/5.3sig not in L2019; position is ALMA band 6,point=circle 16 color=yellow width=2 text={SMGSC2025-1} comment={2.85  SC2025/5.3sig not in L2019; position is ALMA band 6},58,,,,,,,,,,,,,,,,,,,,,,,
60,237.9890417,19.1648028,Primary,-0.032388,0.025337,257.9984,237.96524529,19.1833875,397.0817,-325.0486,2,100,90,0.696,0.348,-1.0,-1.0,-1.0,-2.0,c3e1n1,Primary,GNB5352,50,50,150,50.0,^GNB,0,2.8476,True,,,237.9841875,19.1657342,15:51:56.205,+19:09:56.643,point,cross,cyan,'GNB5352',2.8476 LyC leaker lae4680 in Mostardi+13,point=cross 14 color=cyan width=2 text={'GNB5352'} comment={2.8476 LyC leaker lae4680 in Mostardi+13},61,,,,,,,,,,,,,,,,,,,,,,,
69,237.9393333,19.1865806,Primary,0.011546,-0.031976,257.9984,237.96524529,19.1833875,411.8289,-510.7965,3,67,49,0.7,0.651,-1.0,2.62835407,2.7923522,-2.0,c3e1n1,Primary,GNB1071,50,50,150,50.0,^GNB,0,2.8465,True,,,237.936125,19.1568833,15:51:44.670,+19:09:24.780,circle,,green,GNB1071,2.8465,color=green width=2 text={GNB1071} comment={2.8465},70,,,,,,,,,,,,,,,,,,,,,,,
74,237.9396667,19.1914583,Primary,0.018158,-0.030156,257.9984,237.96524529,19.1833875,395.975,-518.4339,3,130,58,0.68,0.599,-1.0,2.80417466,2.96820378,-2.0,c3e1n1,Primary,GNB1230,50,50,150,50.0,^GNB,0,2.8401,True,,,237.9393333,19.1865806,15:51:45.440,+19:11:11.690,circle,,green,GNB1230,2.8401,color=green width=2 text={GNB1230} comment={2.8401},75,,,,,,,,,,,,,,,,,,,,,,,
79,237.9458333,19.1841778,Primary,0.00646,-0.02445,257.9984,237.96524529,19.1833875,408.5088,-487.2953,3,19,86,0.245,0.618,-1.0,2.50554466,2.66966534,-2.0,c3e1n1,Primary,GNB1281,50,50,150,50.0,^GNB,0,2.8346,True,,,237.9396667,19.1914583,15:51:45.520,+19:11:29.250,circle,,green,GNB1281,2.83459,color=green width=2 text={GNB1281} comment={2.83459},80,,,,,,,,,,,,,,,,,,,,,,,
81,237.9477917,19.2000694,Primary,0.027807,-0.017385,257.9984,237.96524529,19.1833875,355.4012,-509.5969,3,222,121,0.561,0.352,-1.0,3.07439113,-2.0,-2.0,c3e1n1,Primary,GNB1393,25,50,150,50.0,^GNB,1,2.8446,False,,,237.94375,19.2107222,15:51:46.500,+19:12:38.600,circle,,green,GNB1393,2.8446,color=green width=2 text={GNB1393} comment={2.8446},82,,,,,,,,,,,,,,,,,,,,,,,
83,237.94975,19.1509194,Primary,-0.040303,-0.028822,257.9984,237.96524529,19.1833875,506.2664,-416.8801,1,24,65,0.21,0.118,-1.0,-1.0,-1.0,-2.0,c3e1n1,Primary,GNB1521,50,50,150,50.0,^GNB,0,2.8846,True,,,237.94575,19.1394472,15:51:46.980,+19:08:22.010,circle,,green,GNB1521,2.88461,color=green width=2 text={GNB1521} comment={2.88461},84,,,,,,,,,,,,,,,,,,,,,,,
151,237.9971667,19.1763722,Primary,-0.01865,0.039198,257.9984,237.96524529,19.1833875,347.2274,-321.4532,2,231,158,0.52,0.481,-1.0,1.90250576,2.06732726,-2.0,c3e1n1,Primary,GNB4584,50,50,150,50.0,^GNB,0,2.8531,True,,,238.0032083,19.1814389,15:52:00.770,+19:10:53.180,circle,,green,GNB4584,2.8531,color=green width=2 text={GNB4584} comment={2.8531},152,Q1549-GNB4584,1011884700.0,2.0,238.0031433,19.181482,789.9,1483.84,GNB4584,Q1549,,,,,2.8531,-1.0,,,,Q1549-GNB4584,25.24,73.96,,2.8531
165,237.9840417,19.1990111,Primary,0.01646,0.028759,257.9984,237.96524529,19.1833875,298.1707,-400.3731,4,114,107,0.399,0.226,-1.0,2.82773018,2.99247289,-2.0,c3e1n1,Primary,GNB5318,50,50,150,50.0,^GNB,0,2.8597,True,,,237.9859583,19.2074167,15:51:56.630,+19:12:26.700,circle,,green,GNB5318,2.85968,color=green width=2 text={GNB5318} comment={2.85968},166,,,,,,,,,,,,,,,,,,,,,,,
182,237.9323333,19.194525,Primary,0.024353,-0.038507,257.9984,237.96524529,19.1833875,398.6032,-545.5766,3,189,17,0.712,0.577,-1.0,2.95490599,-2.0,-2.0,c3e1n1,Primary,GNB5831,25,50,150,50.0,^GNB,1,2.8153,False,,,237.9762083,19.1962972,15:51:54.290,+19:11:46.670,circle,,green,GNB5831,2.81526,color=green width=2 text={GNB5831} comment={2.81526},182,Q1549-GNB5831,681296770.0,5.0,237.9762088,19.1963281,1043.12,1050.81,GNB5831,Q1549,,,,,2.8153,-1.0,,,,Q1549-GNB5831,26.37,0.81,,2.8153
188,237.940375,19.1980583,Primary,0.027038,-0.027356,257.9984,237.96524529,19.1833875,374.0938,-528.0064,3,215,72,0.266,0.364,-1.0,3.04182482,-2.0,-2.0,c3e1n1,Primary,GNB859,25,50,150,50.0,^GNB,1,2.8607,False,,,237.9323333,19.194525,15:51:43.760,+19:11:40.290,circle,,green,GNB859,2.8607,color=green width=2 text={GNB859} comment={2.8607},188,,,,,,,,,,,,,,,,,,,,,,,
207,237.94157,19.20823,Filler,0.0407,-0.022883,257.9984,237.96524529,19.1833875,340.1986,-542.4533,3,345,94,0.388,0.354,-1.0,-2.0,-2.0,-2.0,c3e1n1,Primary,DRG3,100,100,150,100.0,^DRG,0,,True,,,237.923782,19.212986,15:51:41.708,+19:12:46.750,circle,,magenta,DRG3 FSzP987,,color=magenta width=2 text={DRG3 FSzP987},207,,,,,,,,,,,,,,,,,,,,,,,
272,237.97374,19.20684,Contaminant,0.030136,0.01776,257.9984,237.96524529,19.1833875,290.8305,-444.7277,4,244,53,0.696,0.191,-1.0,-2.0,-2.0,-2.0,c3e1n1,Filler,RK107,1,1,1,,,0,1.6714,True,,,237.98684,19.19443,15:51:56.842,+19:11:39.948,circle,,magenta,RK107,1.6714,color=magenta  width=2 text={RK107} comment={1.6714},41,Q1549-RK107,30222823000.0,19.0,237.98684,19.19443,1010.4464,1221.884,RK107,Q1549,25.48,0.52,0.49,yes,-1.0,-1.0,1.6714,GAL,msfr slitcor1 5/16,Q1549-RK107,,,,1.6714
273,237.97534,19.19667,Filler,0.015606,0.016839,257.9984,237.96524529,19.1833875,320.0486,-422.0004,4,106,48,0.292,0.65,-1.0,2.79338193,2.9580195,-2.0,c3e1n1,Filler,RK110,1,1,1,,,0,1.5975,True,,,237.94204,19.14848,15:51:46.090,+19:08:54.528,circle,,magenta,RK110,1.5975,color=magenta  width=2 text={RK110} comment={1.5975},42,Q1549-RK110,15034870000.0,7.0,237.94204,19.14848,231.9695,498.548,RK110,Q1549,25.18,0.52,0.42,yes,-1.0,-1.0,1.5975,GAL,zneb msfr 5/2013 close1H,Q1549-RK110,,,,1.5975
282,237.98734,19.18027,Filler,-0.010476,0.027575,257.9984,237.96524529,19.1833875,351.4258,-357.4515,2,309,101,0.407,0.378,-1.0,2.11111164,2.27584457,-2.0,c3e1n1,Filler,BX13,1,1,1,,,0,1.8905,True,,,237.92006,19.16835,15:51:40.814,+19:10:06.060,circle,,blue,BX13,1.8905,color=blue  width=2 text={BX13}  comment={1.8905},51,Q1549-BX13,5815371800.0,7.0,237.92006,19.16835,570.4245,145.5406,BX13,Q1549,24.22,0.16,0.39,yes,-2.0,1.889,-1.0,GAL,nz; m3,Q1549-BX13,,,,1.889
287,237.99248,19.17427,Filler,-0.020247,0.032505,257.9984,237.96524529,19.1833875,361.6508,-331.6141,2,216,125,0.329,0.587,-1.0,1.85533309,2.02010512,-2.0,c3e1n1,Filler,BX27,5,5,5,,,0,2.1256,True,,,237.92932,19.21692,15:51:43.037,+19:13:00.912,circle,,blue,BX27,2.1256,color=blue  width=2 text={BX27} comment={2.1256},56,Q1549-BX27,13297996000.0,13.0,237.92932,19.21692,1394.8703,296.9186,BX27,Q1549,25.15,0.58,1.02,yes,-2.0,2.124,-1.0,GAL,nz; m5[ap2]+m7; has xtra abs for sure,Q1549-BX27,,,,2.124
330,237.94157,19.20823,Contaminant,0.0407,-0.022883,257.9984,237.96524529,19.1833875,340.1986,-542.4533,3,345,94,0.388,0.354,-1.0,-2.0,-2.0,-2.0,c3e1n1,Filler,BX156,1,1,1,,,0,1.6655,True,,,238.00512,19.17761,15:52:01.229,+19:10:39.396,circle,,red,BX156,1.6655,color=red  width=2 text={BX156} comment={1.6655},99,Q1549-BX156,5895167000.0,7.0,238.00512,19.17761,724.0673,1515.512,BX156,Q1549,24.38,0.2,0.7,yes,-2.0,-2.0,1.6655,GAL,"nz; mosfire neb redshift, prev. was incorrect",Q1549-BX156,,,,1.6655
357,237.969009,19.209248,Filler,0.03475,0.012386,257.9984,237.96524529,19.1833875,291.1818,-462.9966,4,288,26,0.664,0.788,-1.0,-2.0,-2.0,-2.0,c3e1n1,Filler,BX229,5,5,5,,,0,2.0628,True,,,238.02966,19.17003,15:52:07.118,+19:10:12.108,circle,,magenta,BX229,2.0628,color=magenta  width=2 text={BX229} comment={2.0628},126,Q1549-BX229,1986457100.0,4.0,238.02966,19.17003,594.4136,1910.343,BX229,Q1549,24.78,0.0,0.82,yes,-1.0,-1.0,2.0628,GAL,nebz from msfr4; no UV obs,Q1549-BX229,,,,2.0628
362,237.99498,19.172918,Filler,-0.022828,0.03536,257.9984,237.96524529,19.1833875,361.7124,-321.818,2,191,139,0.735,0.612,-1.0,1.78764081,1.95243454,-2.0,c3e1n1,Filler,MD3,5,5,5,,,0,2.4998,True,,,237.93596,19.21221,15:51:44.630,+19:12:43.956,circle,,blue,MD3,2.4998,color=blue  width=2 text={MD3} comment={2.4998},131,Q1549-MD3,25056311000.0,15.0,237.93596,19.21221,1314.5786,403.5842,MD3,Q1549,24.41,0.41,1.49,yes,2.502,2.498,-1.0,GAL,nz; m1; poss add. system @z=2.351,Q1549-MD3,,,,2.498
393,237.940375,19.1980583,Contaminant,0.027038,-0.027356,257.9984,237.96524529,19.1833875,374.0938,-528.0064,3,215,72,0.266,0.364,-1.0,3.04182482,-2.0,-2.0,c3e1n1,Filler,GNB1206,5,10,1,10.0,^GNB,1,,False,,,237.940375,19.1357917,15:51:45.690,+19:08:08.850,circle,,red,GNB1206,,color=red width=2 text={GNB1206},162,,,,,,,,,,,,,,,,,,,,,,,
604,237.9907083,19.2001,Filler,0.016136,0.037721,257.9984,237.96524529,19.1833875,283.6186,-382.5581,4,111,151,0.29,0.268,-1.0,2.82785249,2.99266386,-2.0,c3e1n1,Filler,GNB4982,10,10,1,10.0,^GNB,0,,True,,,237.9912083,19.1693111,15:51:57.890,+19:10:09.520,circle,,red,GNB4982,,color=red width=2 text={GNB4982},372,,,,,,,,,,,,,,,,,,,,,,,
625,237.9759583,19.164975,Filler,-0.028438,0.008517,257.9984,237.96524529,19.1833875,418.4036,-364.1049,2,138,7,0.371,0.701,-1.0,-1.0,1.78221512,-2.0,c3e1n1,Filler,GNB5383,10,10,1,10.0,^GNB,0,,True,,,237.9855417,19.1811222,15:51:56.530,+19:10:52.040,circle,,red,GNB5383,,color=red width=2 text={GNB5383},393,,,,,,,,,,,,,,,,,,,,,,,
679,237.940375,19.1980583,Contaminant,0.027038,-0.027356,257.9984,237.96524529,19.1833875,374.0938,-528.0064,3,215,72,0.266,0.364,-1.0,3.04182482,-2.0,-2.0,c3e1n1,Filler,GNB949,5,10,1,10.0,^GNB,1,,False,,,237.9330833,19.2053861,15:51:43.940,+19:12:19.390,circle,,red,GNB949,,color=red width=2 text={GNB949},447,,,,,,,,,,,,,,,,,,,,,,,
7,237.96618,19.17811,Primary,0.025094,0.017495,257.9957,237.95708971,19.15817917,300.8761,-436.7271,4,196,51,0.669,0.881,-1.0,3.04394174,-2.0,-2.0,c4e1n1,Primary,MD12,150,150,150,,,0,2.8495,True,,,237.96618,19.17811,15:51:51.883,+19:10:41.196,circle,,red,MD12,"2.8495 LyC leaker CO detection, complex morphology","color=red  width=2 text={MD12} comment={2.8495 LyC leaker CO detection, complex morphology}",9,Q1549-MD12,3016541700.0,7.0,237.96618,19.17811,734.1341,888.5706,MD12,Q1549,24.87,0.38,1.78,yes,2.856,2.849,2.8495,GAL,also GNB 2427; double Lya (2.856/2.845);nirspec z is 2.8492,Q1549-MD12,,,,2.8495
22,237.93839,19.18475,Primary,0.041754,-0.016077,257.9957,237.95708971,19.15817917,326.47,-530.7806,3,355,127,0.412,0.794,-1.0,-2.0,-2.0,-2.0,c4e1n1,Primary,MD23,150,150,150,,,0,2.8415,True,,,237.99208,19.13646,15:51:58.099,+19:08:11.256,circle,,blue,MD23,2.8415,color=blue  width=2 text={MD23} comment={2.8415},23,Q1549-MD23,595699330.0,11.0,237.99208,19.13646,25.7215,1303.882,MD23,Q1549,24.57,0.33,1.66,yes,2.8454,-2.0,-1.0,GAL,z observed as GNB4724,Q1549-MD23,,,,2.8454
50,237.93198,19.16245,Primary,0.01281,-0.030659,257.9957,237.95708971,19.15817917,407.1118,-510.3386,3,79,56,0.741,0.119,-1.0,2.66324329,2.82726526,-2.0,c4e1n1,Primary,M2,150,150,150,,,0,2.869,True,,,237.92227,19.16832,15:51:41.345,+19:10:05.952,circle,,blue,M2,2.869,color=blue  width=2 text={M2} comment={2.869},51,Q1549-M2,590693890.0,11.0,237.92227,19.16832,569.8125,181.1238,M2,Q1549,25.03,0.64,2.06,no,2.875,2.867,-1.0,GAL,"also GNB446; nz; m6; abs z uncertain, from SiIV",Q1549-M2,,,,2.867
58,237.9582917,19.1782056,Primary,0.027374,0.007386,257.9957,237.95708971,19.15817917,313.7535,-460.2602,4,218,2,0.412,0.205,-1.0,3.09378076,-2.0,-2.0,c4e1n1,Primary,SMGL2019-27,150,150,150,,,0,2.85,True,,,237.9441667,19.220425,15:51:46.600,+19:13:13.530,point,circle,yellow,SMGL2019-27,2.85  L2019-27;SC2025/5.6sig,point=circle 16 color=yellow width=2 text={SMGL2019-27} comment={2.85  L2019-27;SC2025/5.6sig},59,,,,,,,,,,,,,,,,,,,,,,,
65,237.9369167,19.1839306,Primary,0.041019,-0.018185,257.9957,237.95708971,19.15817917,331.5002,-533.6956,3,348,117,0.419,0.434,-1.0,-2.0,-2.0,-2.0,c4e1n1,Primary,GNB5270,50,50,150,50.0,^GNB,0,2.8473,True,,,237.9890417,19.1648028,15:51:57.370,+19:09:53.290,circle,,green,GNB5270,2.8473,color=green width=2 text={GNB5270}  comment={2.8473},66,,,,,,,,,,,,,,,,,,,,,,,
67,237.9388333,19.1582139,Primary,0.005105,-0.023206,257.9957,237.95708971,19.15817917,408.9505,-482.5461,3,6,92,0.327,0.728,-1.0,2.47115254,2.63529229,-2.0,c4e1n1,Primary,GNB1062,50,50,150,50.0,^GNB,0,2.8383,True,,,237.93625,19.1458528,15:51:44.700,+19:08:45.070,circle,,green,GNB1062,2.83829,color=green width=2 text={GNB1062} comment={2.83829},68,,,,,,,,,,,,,,,,,,,,,,,
70,237.939375,19.1500056,Primary,-0.006338,-0.024853,257.9957,237.95708971,19.15817917,433.788,-466.4272,1,347,84,0.703,0.689,-1.0,2.16714787,2.33126211,-2.0,c4e1n1,Primary,GNB1104,50,50,150,50.0,^GNB,0,2.84,True,,,237.9369167,19.1839306,15:51:44.860,+19:11:02.150,circle,,green,GNB1104,2.8400,color=green width=2 text={GNB1104} comment={2.8400},71,Q1549-GNB1104,1685073200.0,0.0,237.9369602,19.1839164,834.02,418.38,GNB1104,Q1549,,,,,2.84,-1.0,,,,Q1549-GNB1104,24.78,1.69,GNB1104 24.7800 1.694 2.8400 ; NB777 25.1629 1.3325 nb830 24.6711 1.4187 2.8400,2.84
78,237.94575,19.1394472,Primary,-0.022641,-0.019743,257.9957,237.95708971,19.15817917,456.2508,-428.8702,1,192,109,0.394,0.764,-1.0,1.74405396,1.90824735,-2.0,c4e1n1,Primary,GNB1276,50,50,150,50.0,^GNB,0,2.8473,True,,,237.9402917,19.1662,15:51:45.670,+19:09:58.320,circle,,green,GNB1276,2.84726,color=green width=2 text={GNB1276} comment={2.84726},79,Q1549-GNB1276,20082045000.0,10.0,237.9403079,19.1661754,532.57,471.47,GNB1276,Q1549,,,,,2.8473,-1.0,,,,Q1549-GNB1276,25.73,2.15,,2.8473
80,237.9467917,19.16485,Primary,0.012062,-0.011194,257.9957,237.95708971,19.15817917,374.846,-470.7051,3,72,151,0.57,0.748,-1.0,2.66792488,2.83223987,-2.0,c4e1n1,Primary,GNB1330,50,50,150,50.0,^GNB,0,2.8365,True,,,237.941125,19.1625028,15:51:45.870,+19:09:45.010,circle,,green,GNB1330,2.8365,color=green width=2 text={GNB1330} comment={2.8365},81,,,,,,,,,,,,,,,,,,,,,,,
95,237.9605417,19.1743139,Primary,0.021377,0.009133,257.9957,237.95708971,19.15817917,322.1991,-446.7131,4,161,10,0.276,0.786,-1.0,2.9377048,-2.0,-2.0,c4e1n1,Primary,GNB2041,50,50,150,50.0,^GNB,0,2.8426,True,,,237.957125,19.1803139,15:51:49.710,+19:10:49.130,circle,,green,GNB2041,2.8426,color=green width=2 text={GNB2041} comment={2.8426},96,Q1549-GNB2041,6329061900.0,3.0,237.9571352,19.1803143,771.96,743.04,GNB2041,Q1549,,,,,2.8426,-1.0,,,,Q1549-GNB2041,25.2,2.37,GNB2041 25.2016 2.369 2.8426 ; NB1452 25.8216 0.4916 nb1549 24.9375 0.6155 2.8426,2.8426
98,237.9637083,19.1771556,Primary,0.024447,0.014034,257.9957,237.95708971,19.15817917,307.998,-442.3599,4,190,34,0.508,0.872,-1.0,3.02352548,-2.0,-2.0,c4e1n1,Primary,GNB2102,25,50,150,50.0,^GNB,1,2.836,False,,,237.9574583,19.2132444,15:51:49.790,+19:12:47.680,circle,,green,GNB2102,2.8360,color=green width=2 text={GNB2102} comment={2.8360},99,,,,,,,,,,,,,,,,,,,,,,,
99,237.9637083,19.1771556,Contaminant,0.024447,0.014034,257.9957,237.95708971,19.15817917,307.998,-442.3599,4,190,34,0.508,0.872,-1.0,3.02352548,-2.0,-2.0,c4e1n1,Primary,GNB2232,25,50,150,50.0,^GNB,1,2.9152,False,,,237.9599583,19.1749972,15:51:50.390,+19:10:29.990,circle,,green,GNB2232,2.91521,color=green width=2 text={GNB2232} comment={2.91521},100,,,,,,,,,,,,,,,,,,,,,,,
102,237.96675,19.1779778,Primary,0.024755,0.01819,257.9957,237.95708971,19.15817917,300.3384,-434.805,4,193,55,0.441,0.298,-1.0,3.03649378,-2.0,-2.0,c4e1n1,Primary,GNB2273,50,50,150,50.0,^GNB,0,2.8463,True,,,237.9615833,19.1761833,15:51:50.780,+19:10:34.260,circle,,green,GNB2273,2.84627,color=green width=2 text={GNB2273} comment={2.84627},103,,,,,,,,,,,,,,,,,,,,,,,
154,237.9891667,19.1469694,Primary,-0.024519,0.038194,257.9957,237.95708971,19.15817917,360.1164,-313.556,2,175,153,0.613,0.539,-1.0,1.74502194,1.90983653,-2.0,c4e1n1,Primary,GNB4790,25,50,150,50.0,^GNB,1,2.7355,False,,,238.0000833,19.1484361,15:52:00.020,+19:08:54.370,circle,,green,GNB4790,2.73547,color=green width=2 text={GNB4790} comment={2.73547},155,Q1549-GNB4790,295419710000.0,148.0,238.0000245,19.1484525,229.08,1432.31,GNB4790,Q1549,,,,,2.7355,-1.0,,,,Q1549-GNB4790,26.71,0.7,,2.7355
155,237.988125,19.1467556,Primary,-0.024522,0.036779,257.9957,237.95708971,19.15817917,362.5278,-316.2634,2,175,146,0.596,0.584,-1.0,1.74395931,1.90876353,-2.0,c4e1n1,Primary,GNB4798,50,50,150,50.0,^GNB,0,2.8425,True,,,237.9983333,19.1944528,15:51:59.600,+19:11:40.030,circle,,green,GNB4798,2.8425,color=green width=2 text={GNB4798} comment={2.8425},156,,,,,,,,,,,,,,,,,,,,,,,
158,237.9862917,19.1381194,Primary,-0.035967,0.031922,257.9957,237.95708971,19.15817917,392.6717,-306.416,2,66,122,0.587,0.701,-1.0,-1.0,-1.0,-2.0,c4e1n1,Primary,GNB5053,50,50,150,50.0,^GNB,0,2.8332,True,,,237.994875,19.2167028,15:51:58.770,+19:13:00.130,circle,,green,GNB5053,2.8332,color=green width=2 text={GNB5053} comment={2.8332},159,,,,,,,,,,,,,,,,,,,,,,,
169,237.9819167,19.152225,Primary,-0.015182,0.0303,257.9957,237.95708971,19.15817917,355.7526,-344.3289,2,264,114,0.575,0.758,-1.0,1.98766911,2.15242338,-2.0,c4e1n1,Primary,GNB5403,50,50,150,50.0,^GNB,0,2.8668,True,,,237.9863333,19.217625,15:51:56.720,+19:13:03.450,circle,,green,GNB5403,2.86676,color=green width=2 text={GNB5403} comment={2.86676},170,,,,,,,,,,,,,,,,,,,,,,,
199,237.9686375,19.1844775,Filler,0.033248,0.022537,257.9957,237.95708971,19.15817917,276.8032,-440.7109,4,274,76,0.327,0.668,-1.0,-2.0,-2.0,-2.0,c4e1n1,Primary,NB142,25,50,150,50.0,^NB,1,2.8472,False,,,237.915745,19.181722,15:51:39.779,+19:10:54.199,circle,,green,NB142,2.8472,color=green width=2 text={NB142} comment={2.8472},199,,,,,,,,,,,,,,,,,,,,,,,
256,237.9437,19.16866,Filler,0.018161,-0.014026,257.9957,237.95708971,19.15817917,368.0617,-486.6008,3,130,137,0.677,0.842,-1.0,2.8247571,2.98903275,-2.0,c4e1n1,Filler,D1,5,5,5,,,0,2.3838,True,,,237.92265,19.14026,15:51:41.436,+19:08:24.936,circle,,blue,D1,2.3838,color=blue  width=2 text={D1} comment={2.3838},25,Q1549-D1,947548540.0,18.0,237.92265,19.14026,93.2473,185.9089,D1,Q1549,24.94,0.32,2.15,yes,2.386,2.382,-1.0,GAL,"m2,m8; z from m2",Q1549-D1,,,,2.382
267,237.96489,19.18969,Filler,0.041476,0.01925,257.9957,237.95708971,19.15817917,266.7177,-461.0291,4,352,60,0.714,0.524,-1.0,-2.0,-2.0,-2.0,c4e1n1,Filler,M17,5,5,5,,,0,3.2202,True,,,237.9836,19.21464,15:51:56.064,+19:12:52.704,circle,,blue,M17,3.2202,color=blue  width=2 text={M17} comment={3.2202},36,Q1549-M17,2235412700.0,17.0,237.983521,19.2146,1353.77,1170.53,M17,Q1549,25.3,0.66,2.3,no,3.2253,3.2225,-1.0,GAL,"on q1549-BX102 kcwi cube; strong Lya emission; possible add'l emission 4591 A --> 2.7766 if real, or 1086 if assoc. with M17",Q1549-M17,,,,3.2225
329,237.93839,19.18475,Contaminant,0.041754,-0.016077,257.9957,237.95708971,19.15817917,326.47,-530.7806,3,355,127,0.412,0.794,-1.0,-2.0,-2.0,-2.0,c4e1n1,Filler,BX139,1,1,1,,,0,1.8825,True,,,237.99915,19.17007,15:51:59.796,+19:10:12.252,circle,,blue,BX139,1.8825,color=blue  width=2 text={BX139} comment={1.8825},98,Q1549-BX139,2544550700.0,6.0,237.99915,19.17007,596.2466,1419.088,BX139,Q1549,24.49,0.09,0.4,yes,1.888,1.881,-1.0,GAL,nz; m2,Q1549-BX139,,,,1.881
402,237.9425417,19.1806861,Filler,0.03505,-0.011996,257.9957,237.95708971,19.15817917,332.2813,-511.2974,3,291,147,0.546,0.833,-1.0,-2.0,-2.0,-2.0,c4e1n1,Filler,GNB1386,5,10,1,10.0,^GNB,1,,False,,,237.9425,19.204775,15:51:46.200,+19:12:17.190,circle,,red,GNB1386,,color=red width=2 text={GNB1386},171,,,,,,,,,,,,,,,,,,,,,,,
606,237.92325,19.1721222,Filler,0.028454,-0.038869,257.9957,237.95708971,19.15817917,391.3565,-553.3007,3,228,15,0.779,0.805,-1.0,3.06130266,-2.0,-2.0,c4e1n1,Filler,GNB5,5,10,1,10.0,^GNB,1,,False,,,237.9147917,19.1812806,15:51:39.550,+19:10:52.610,circle,,red,GNB5,,color=red width=2 text={GNB5},374,,,,,,,,,,,,,,,,,,,,,,,
616,237.987875,19.1365361,Filler,-0.038608,0.033525,257.9957,237.95708971,19.15817917,394.9902,-298.9247,2,41,130,0.431,0.571,-1.0,-1.0,-1.0,-2.0,c4e1n1,Filler,GNB5151,10,10,1,10.0,^GNB,0,,True,,,237.99075,19.1625333,15:51:57.780,+19:09:45.120,circle,,red,GNB5151,,color=red width=2 text={GNB5151},384,,,,,,,,,,,,,,,,,,,,,,,
627,237.9237083,19.1726667,Filler,0.029078,-0.038136,257.9957,237.95708971,19.15817917,388.8835,-552.9057,3,234,19,0.719,0.408,-1.0,3.07892179,-2.0,-2.0,c4e1n1,Filler,GNB542,5,10,1,10.0,^GNB,1,,False,,,237.9229167,19.1690222,15:51:41.500,+19:10:08.480,circle,,red,GNB542,,color=red width=2 text={GNB542},395,,,,,,,,,,,,,,,,,,,,,,,
636,237.980375,19.1433611,Filler,-0.027033,0.025755,257.9957,237.95708971,19.15817917,386.1235,-333.2158,2,151,92,0.705,0.409,-1.0,-1.0,1.83309329,-2.0,c4e1n1,Filler,GNB5562,10,10,1,10.0,^GNB,0,,True,,,237.9807083,19.2159417,15:51:55.370,+19:12:57.390,circle,,red,GNB5562,,color=red width=2 text={GNB5562},404,,,,,,,,,,,,,,,,,,,,,,,
651,237.9758333,19.147325,Filler,-0.02026,0.021019,257.9957,237.95708971,19.15817917,381.2833,-353.6814,2,216,69,0.232,0.144,-1.0,1.84597409,2.01065135,-2.0,c4e1n1,Filler,GNB5771,10,10,1,10.0,^GNB,0,,True,,,237.9755,19.1500167,15:51:54.120,+19:09:00.060,circle,,red,GNB5771,,color=red width=2 text={GNB5771},419,,,,,,,,,,,,,,,,,,,,,,,
682,237.9350417,19.145575,Filler,-0.011219,-0.031583,257.9957,237.95708971,19.15817917,454.9212,-471.4311,1,301,51,0.242,0.617,-1.0,2.03230906,2.19631386,-2.0,c4e1n1,Filler,GNB181,5,10,1,10.0,^GNB,1,,False,,,237.9148333,19.2184778,15:51:39.560,+19:13:06.520,circle,,red,GNB181,,color=red width=2 text={GNB181},450,,,,,,,,,,,,,,,,,,,,,,,
934,237.9233125,19.1720858,Contaminant,0.028388,-0.038801,257.9957,237.95708971,19.15817917,391.3663,-553.0512,3,228,16,0.143,0.139,-1.0,3.06159449,-2.0,-2.0,c4e1n1,Filler,LAE1569,1,1,1,,,0,,True,,,238.0694542,19.1615933,15:52:16.669,+19:09:41.736,point,cross,cyan,'LAE1569',,point=cross 14 color=cyan width=2 text={'LAE1569'},702,,,,,,,,,,,,,,,,,,,,,,,
944,237.9615292,19.1761369,Filler,0.02363,0.010934,257.9957,237.95708971,19.15817917,314.8327,-447.0124,4,182,19,0.741,0.641,-1.0,2.99796414,-2.0,-2.0,c4e1n1,Filler,LAE1595,1,1,1,,,0,,True,,,238.0003875,19.1713733,15:52:00.093,+19:10:16.944,point,cross,cyan,'LAE1595',,point=cross 14 color=cyan width=2 text={'LAE1595'},712,,,,,,,,,,,,,,,,,,,,,,,
