ID,RA,DEC,Redshift,Label,Weight,Reference,FWHM,R50,Stellarity,Area,Ellipticity,Theta
1,237.96474,19.18521,0.0,MD10,300,true,0.0,0.0,-1.0,0.0,0.0,0.0
2,237.97402,19.18614,0.0,MD17,300,true,0.0,0.0,-1.0,0.0,0.0,0.0
3,237.96366,19.184919999999998,0.0,M15,300,true,0.0,0.0,-1.0,0.0,0.0,0.0
4,237.992,19.2072778,0.0,GNB4950b,300,true,0.0,0.0,-1.0,0.0,0.0,0.0
5,238.0139583,19.214361099999998,0.0,SMG8502,300,true,0.0,0.0,-1.0,0.0,0.0,0.0
6,238.02529,19.19121,0.0,C25,60,true,0.0,0.0,-1.0,0.0,0.0,0.0
7,237.96618,19.17811,0.0,MD12,100,true,0.0,0.0,-1.0,0.0,0.0,0.0
8,237.9749167,19.1782889,0.0,GNB2920,60,true,0.0,0.0,-1.0,0.0,0.0,0.0
9,237.95775,19.1815694,0.0,GNB2087,60,true,0.0,0.0,-1.0,0.0,0.0,0.0
10,237.9919167,19.1893639,0.0,GNB4748,60,true,0.0,0.0,-1.0,0.0,0.0,0.0
11,238.0004583,19.1713833,0.0,GNB4731,60,true,0.0,0.0,-1.0,0.0,0.0,0.0
12,237.971375,19.1762222,0.0,GNB2753,60,true,0.0,0.0,-1.0,0.0,0.0,0.0
13,237.9713333,19.1825028,0.0,NB1931,60,true,0.0,0.0,-1.0,0.0,0.0,0.0
14,237.9724583,19.1829944,0.0,GNB1617,60,true,0.0,0.0,-1.0,0.0,0.0,0.0
15,237.97194,19.183659999999996,0.0,D14,60,true,0.0,0.0,-1.0,0.0,0.0,0.0
16,237.92046999999997,19.2008,0.0,BX14,60,true,0.0,0.0,-1.0,0.0,0.0,0.0
17,237.97373999999996,19.20684,0.0,BX84,60,true,0.0,0.0,-1.0,0.0,0.0,0.0
18,238.02637,19.21347,0.0,MD34,60,true,0.0,0.0,-1.0,0.0,0.0,0.0
19,237.94803,19.17042,0.0,MD7,60,true,0.0,0.0,-1.0,0.0,0.0,0.0
20,237.96134,19.16064,0.0,MD9,60,true,0.0,0.0,-1.0,0.0,0.0,0.0
21,237.99207999999996,19.13646,0.0,MD23,60,true,0.0,0.0,-1.0,0.0,0.0,0.0
22,237.93839,19.18475,0.0,MD5,60,true,0.0,0.0,-1.0,0.0,0.0,0.0
23,238.02637,19.21347,0.0,MD34,60,true,0.0,0.0,-1.0,0.0,0.0,0.0
24,238.02199,19.16256,0.0,D24,60,true,0.0,0.0,-1.0,0.0,0.0,0.0
25,237.97358,19.15808,0.0,M16,60,true,0.0,0.0,-1.0,0.0,0.0,0.0
26,237.91523,19.17797,0.0,C1,60,true,0.0,0.0,-1.0,0.0,0.0,0.0
27,237.93506,19.19022,0.0,C4,60,true,0.0,0.0,-1.0,0.0,0.0,0.0
28,237.9365,19.1758,0.0,C6,60,true,0.0,0.0,-1.0,0.0,0.0,0.0
29,237.93853,19.20366,0.0,C7,60,true,0.0,0.0,-1.0,0.0,0.0,0.0
30,237.95567,19.16459,0.0,C12,60,true,0.0,0.0,-1.0,0.0,0.0,0.0
31,237.95704,19.18278,0.0,C13,60,true,0.0,0.0,-1.0,0.0,0.0,0.0
32,237.9609,19.15512,0.0,C14,60,true,0.0,0.0,-1.0,0.0,0.0,0.0
33,237.96395,19.1721,0.0,C15,60,true,0.0,0.0,-1.0,0.0,0.0,0.0
34,238.0234,19.21989,0.0,C24,60,true,0.0,0.0,-1.0,0.0,0.0,0.0
35,237.93325,19.19436,0.0,D4,60,true,0.0,0.0,-1.0,0.0,0.0,0.0
36,237.9383,19.151459999999997,0.0,D6,60,true,0.0,0.0,-1.0,0.0,0.0,0.0
37,237.94921,19.13727,0.0,D9,60,true,0.0,0.0,-1.0,0.0,0.0,0.0
38,237.95735,19.150820000000003,0.0,D11,60,true,0.0,0.0,-1.0,0.0,0.0,0.0
39,237.96546,19.17103,0.0,D13,60,true,0.0,0.0,-1.0,0.0,0.0,0.0
40,237.97194,19.183659999999996,0.0,D14,60,true,0.0,0.0,-1.0,0.0,0.0,0.0
41,237.98934,19.18401,0.0,D17,60,true,0.0,0.0,-1.0,0.0,0.0,0.0
42,237.99874,19.16092,0.0,D18,60,true,0.0,0.0,-1.0,0.0,0.0,0.0
43,238.00112000000001,19.1613,0.0,D19,60,true,0.0,0.0,-1.0,0.0,0.0,0.0
44,238.00202,19.17432,0.0,D20,60,true,0.0,0.0,-1.0,0.0,0.0,0.0
45,238.0067417,19.1518389,0.0,D22,60,true,0.0,0.0,-1.0,0.0,0.0,0.0
46,238.0156,19.15679,0.0,D23,60,true,0.0,0.0,-1.0,0.0,0.0,0.0
47,238.03332,19.14884,0.0,D25,60,true,0.0,0.0,-1.0,0.0,0.0,0.0
48,238.03465,19.16357,0.0,D27,60,true,0.0,0.0,-1.0,0.0,0.0,0.0
49,237.92227,19.16832,0.0,M2,60,true,0.0,0.0,-1.0,0.0,0.0,0.0
50,237.93198,19.162449999999996,0.0,M6,60,true,0.0,0.0,-1.0,0.0,0.0,0.0
51,238.00563000000002,19.21691,0.0,M21,60,true,0.0,0.0,-1.0,0.0,0.0,0.0
52,237.9490125,19.1965417,0.0,LAB43,60,true,0.0,0.0,-1.0,0.0,0.0,0.0
53,238.0141667,19.1670278,0.0,SMGI,60,true,0.0,0.0,-1.0,0.0,0.0,0.0
54,237.9841875,19.1657342,0.0,LAE1561,60,true,0.0,0.0,-1.0,0.0,0.0,0.0
55,238.019425,19.1950528,0.0,lae7180,60,true,0.0,0.0,-1.0,0.0,0.0,0.0
56,238.0091292,19.1801022,0.0,LAE1653,60,true,0.0,0.0,-1.0,0.0,0.0,0.0
57,237.9484583,19.166825,0.0,GNB1687,60,true,0.0,0.0,-1.0,0.0,0.0,0.0
58,237.9582917,19.1782056,0.0,GNB2100,60,true,0.0,0.0,-1.0,0.0,0.0,0.0
59,238.0265833,19.1784278,0.0,GNB3532,60,true,0.0,0.0,-1.0,0.0,0.0,0.0
60,237.9890417,19.1648028,0.0,GNB5270,60,true,0.0,0.0,-1.0,0.0,0.0,0.0
61,237.9353333,19.1965417,0.0,GNB1007,60,true,0.0,0.0,-1.0,0.0,0.0,0.0
62,237.93625,19.1458528,0.0,GNB1062,60,true,0.0,0.0,-1.0,0.0,0.0,0.0
63,237.93625,19.1458528,0.0,GNB1062,60,true,0.0,0.0,-1.0,0.0,0.0,0.0
64,237.936125,19.1568833,0.0,GNB1071,60,true,0.0,0.0,-1.0,0.0,0.0,0.0
65,237.9369167,19.1839306,0.0,GNB1104,60,true,0.0,0.0,-1.0,0.0,0.0,0.0
66,237.94150000000002,19.1395278,0.0,GNB1144,60,true,0.0,0.0,-1.0,0.0,0.0,0.0
67,237.9388333,19.158213900000003,0.0,GNB1145,60,true,0.0,0.0,-1.0,0.0,0.0,0.0
68,237.938125,19.2095222,0.0,GNB1179,60,true,0.0,0.0,-1.0,0.0,0.0,0.0
69,237.9393333,19.1865806,0.0,GNB1230,60,true,0.0,0.0,-1.0,0.0,0.0,0.0
70,237.939375,19.1500056,0.0,GNB1256,60,true,0.0,0.0,-1.0,0.0,0.0,0.0
71,237.9152917,19.2209361,0.0,GNB126,60,true,0.0,0.0,-1.0,0.0,0.0,0.0
72,237.9401667,19.1912778,0.0,GNB1266,60,true,0.0,0.0,-1.0,0.0,0.0,0.0
73,237.9402917,19.166199999999996,0.0,GNB1276,60,true,0.0,0.0,-1.0,0.0,0.0,0.0
74,237.9396667,19.1914583,0.0,GNB1281,60,true,0.0,0.0,-1.0,0.0,0.0,0.0
75,237.941125,19.1625028,0.0,GNB1330,60,true,0.0,0.0,-1.0,0.0,0.0,0.0
76,237.94375,19.2107222,0.0,GNB1393,60,true,0.0,0.0,-1.0,0.0,0.0,0.0
77,237.9586667,19.2077444,0.0,GNB1514,60,true,0.0,0.0,-1.0,0.0,0.0,0.0
78,237.94575000000003,19.1394472,0.0,GNB1521,60,true,0.0,0.0,-1.0,0.0,0.0,0.0
79,237.9458333,19.1841778,0.0,GNB1562,60,true,0.0,0.0,-1.0,0.0,0.0,0.0
80,237.9467917,19.16485,0.0,GNB1623,60,true,0.0,0.0,-1.0,0.0,0.0,0.0
81,237.9477917,19.2000694,0.0,GNB1627,60,true,0.0,0.0,-1.0,0.0,0.0,0.0
82,237.9479167,19.14735,0.0,GNB1664,60,true,0.0,0.0,-1.0,0.0,0.0,0.0
83,237.94975,19.1509194,0.0,GNB1737,60,true,0.0,0.0,-1.0,0.0,0.0,0.0
84,237.95075,19.1417444,0.0,GNB1772,60,true,0.0,0.0,-1.0,0.0,0.0,0.0
85,237.9522083,19.2008611,0.0,GNB1867,60,true,0.0,0.0,-1.0,0.0,0.0,0.0
86,237.9545833,19.1895778,0.0,GNB1942,60,true,0.0,0.0,-1.0,0.0,0.0,0.0
87,237.958125,19.2187389,0.0,GNB1962,60,true,0.0,0.0,-1.0,0.0,0.0,0.0
88,237.955125,19.1867611,0.0,GNB1972,60,true,0.0,0.0,-1.0,0.0,0.0,0.0
89,237.9554583,19.145666700000003,0.0,GNB1982,60,true,0.0,0.0,-1.0,0.0,0.0,0.0
90,237.95712500000002,19.1803139,0.0,GNB2041,60,true,0.0,0.0,-1.0,0.0,0.0,0.0
91,237.96458329999996,19.1827361,0.0,GNB2044,60,true,0.0,0.0,-1.0,0.0,0.0,0.0
92,237.9565417,19.1815722,0.0,GNB2063,60,true,0.0,0.0,-1.0,0.0,0.0,0.0
93,237.95745829999998,19.2132444,0.0,GNB2102,60,true,0.0,0.0,-1.0,0.0,0.0,0.0
94,237.9599583,19.174997199999996,0.0,GNB2232,60,true,0.0,0.0,-1.0,0.0,0.0,0.0
95,237.9605417,19.174313899999998,0.0,GNB2249,60,true,0.0,0.0,-1.0,0.0,0.0,0.0
96,237.9615833,19.1761833,0.0,GNB2273,60,true,0.0,0.0,-1.0,0.0,0.0,0.0
97,237.9615833,19.1761833,0.0,GNB2273,60,true,0.0,0.0,-1.0,0.0,0.0,0.0
98,237.9637083,19.1771556,0.0,GNB2387,60,true,0.0,0.0,-1.0,0.0,0.0,0.0
99,237.9637083,19.1771556,0.0,GNB2387,60,true,0.0,0.0,-1.0,0.0,0.0,0.0
100,237.9646667,19.1796667,0.0,GNB2423,60,true,0.0,0.0,-1.0,0.0,0.0,0.0
101,237.96975,19.1941417,0.0,GNB2512,60,true,0.0,0.0,-1.0,0.0,0.0,0.0
102,237.96675,19.1779778,0.0,GNB2551,60,true,0.0,0.0,-1.0,0.0,0.0,0.0
103,237.9670833,19.1619333,0.0,GNB2554,60,true,0.0,0.0,-1.0,0.0,0.0,0.0
104,237.968375,19.1687194,0.0,GNB2614,60,true,0.0,0.0,-1.0,0.0,0.0,0.0
105,237.9676667,19.194688900000003,0.0,GNB2624,60,true,0.0,0.0,-1.0,0.0,0.0,0.0
106,237.97025,19.1947028,0.0,GNB2659,60,true,0.0,0.0,-1.0,0.0,0.0,0.0
107,237.96866670000003,19.2100361,0.0,GNB2664,60,true,0.0,0.0,-1.0,0.0,0.0,0.0
108,237.9700417,19.175294400000002,0.0,GNB2717,60,true,0.0,0.0,-1.0,0.0,0.0,0.0
109,237.9700417,19.175294400000002,0.0,GNB2717,60,true,0.0,0.0,-1.0,0.0,0.0,0.0
110,237.9705,19.1884528,0.0,GNB2736,60,true,0.0,0.0,-1.0,0.0,0.0,0.0
111,237.97116669999997,19.1950222,0.0,GNB2754,60,true,0.0,0.0,-1.0,0.0,0.0,0.0
112,237.97275000000002,19.1955028,0.0,GNB2786,60,true,0.0,0.0,-1.0,0.0,0.0,0.0
113,237.9768333,19.136424999999996,0.0,GNB2837,60,true,0.0,0.0,-1.0,0.0,0.0,0.0
114,237.91754170000002,19.161272200000003,0.0,GNB297,60,true,0.0,0.0,-1.0,0.0,0.0,0.0
115,238.02545830000003,19.1935028,0.0,GNB2992,60,true,0.0,0.0,-1.0,0.0,0.0,0.0
116,238.009625,19.1509694,0.0,GNB3034,60,true,0.0,0.0,-1.0,0.0,0.0,0.0
117,238.00895830000002,19.1761472,0.0,GNB3040,60,true,0.0,0.0,-1.0,0.0,0.0,0.0
118,237.98375,19.193036100000004,0.0,GNB3094,60,true,0.0,0.0,-1.0,0.0,0.0,0.0
119,237.9190833,19.182825,0.0,GNB313,60,true,0.0,0.0,-1.0,0.0,0.0,0.0
120,238.033375,19.1897056,0.0,GNB3133,60,true,0.0,0.0,-1.0,0.0,0.0,0.0
121,238.0317917,19.1464972,0.0,GNB3246,60,true,0.0,0.0,-1.0,0.0,0.0,0.0
122,238.0314583,19.1801333,0.0,GNB3262,60,true,0.0,0.0,-1.0,0.0,0.0,0.0
123,238.027625,19.1809278,0.0,GNB3424,60,true,0.0,0.0,-1.0,0.0,0.0,0.0
124,238.029625,19.1664611,0.0,GNB3425,60,true,0.0,0.0,-1.0,0.0,0.0,0.0
125,237.9197083,19.1833139,0.0,GNB360,60,true,0.0,0.0,-1.0,0.0,0.0,0.0
126,238.02299999999997,19.1768083,0.0,GNB3634,60,true,0.0,0.0,-1.0,0.0,0.0,0.0
127,238.020625,19.1647889,0.0,GNB3740,60,true,0.0,0.0,-1.0,0.0,0.0,0.0
128,237.9213333,19.2017806,0.0,GNB388,60,true,0.0,0.0,-1.0,0.0,0.0,0.0
129,237.92025,19.1484222,0.0,GNB397,60,true,0.0,0.0,-1.0,0.0,0.0,0.0
130,238.0135,19.2144806,0.0,GNB3999,60,true,0.0,0.0,-1.0,0.0,0.0,0.0
131,237.9149167,19.1848778,0.0,GNB4,60,true,0.0,0.0,-1.0,0.0,0.0,0.0
132,238.0145417,19.2187194,0.0,GNB4048,60,true,0.0,0.0,-1.0,0.0,0.0,0.0
133,238.0145,19.2138917,0.0,GNB4049,60,true,0.0,0.0,-1.0,0.0,0.0,0.0
134,238.0133333,19.1525083,0.0,GNB4116,60,true,0.0,0.0,-1.0,0.0,0.0,0.0
135,237.9202917,19.2206139,0.0,GNB418,60,true,0.0,0.0,-1.0,0.0,0.0,0.0
136,238.0099583,19.1894972,0.0,GNB4183,60,true,0.0,0.0,-1.0,0.0,0.0,0.0
137,238.0122917,19.1410833,0.0,GNB4206,60,true,0.0,0.0,-1.0,0.0,0.0,0.0
138,238.0124167,19.1997306,0.0,GNB4231,60,true,0.0,0.0,-1.0,0.0,0.0,0.0
139,238.011,19.2113694,0.0,GNB4269,60,true,0.0,0.0,-1.0,0.0,0.0,0.0
140,238.009,19.2110389,0.0,GNB4319,60,true,0.0,0.0,-1.0,0.0,0.0,0.0
141,238.0077917,19.213775,0.0,GNB4329,60,true,0.0,0.0,-1.0,0.0,0.0,0.0
142,238.0100417,19.1862639,0.0,GNB4330,60,true,0.0,0.0,-1.0,0.0,0.0,0.0
143,237.9210417,19.1986306,0.0,GNB435,60,true,0.0,0.0,-1.0,0.0,0.0,0.0
144,237.9215417,19.1963944,0.0,GNB453,60,true,0.0,0.0,-1.0,0.0,0.0,0.0
145,238.0044583,19.163261100000003,0.0,GNB4560,60,true,0.0,0.0,-1.0,0.0,0.0,0.0
146,238.0032083,19.181438900000003,0.0,GNB4584,60,true,0.0,0.0,-1.0,0.0,0.0,0.0
147,238.0029583,19.219724999999997,0.0,GNB4616,60,true,0.0,0.0,-1.0,0.0,0.0,0.0
148,237.9912917,19.1879,0.0,GNB4779,60,true,0.0,0.0,-1.0,0.0,0.0,0.0
149,238.00008329999997,19.1484361,0.0,GNB4790,60,true,0.0,0.0,-1.0,0.0,0.0,0.0
150,237.9983333,19.1944528,0.0,GNB4798,60,true,0.0,0.0,-1.0,0.0,0.0,0.0
151,237.9971667,19.176372200000003,0.0,GNB4940,60,true,0.0,0.0,-1.0,0.0,0.0,0.0
152,237.995875,19.155680600000004,0.0,GNB5006,60,true,0.0,0.0,-1.0,0.0,0.0,0.0
153,237.994875,19.2167028,0.0,GNB5053,60,true,0.0,0.0,-1.0,0.0,0.0,0.0
154,237.9891667,19.1469694,0.0,GNB5141,60,true,0.0,0.0,-1.0,0.0,0.0,0.0
155,237.988125,19.146755599999995,0.0,GNB5196,60,true,0.0,0.0,-1.0,0.0,0.0,0.0
156,237.9233333,19.1405694,0.0,GNB520,60,true,0.0,0.0,-1.0,0.0,0.0,0.0
157,237.9888333,19.1449417,0.0,GNB5285,60,true,0.0,0.0,-1.0,0.0,0.0,0.0
158,237.9862917,19.1381194,0.0,GNB5288,60,true,0.0,0.0,-1.0,0.0,0.0,0.0
159,237.9850417,19.1783083,0.0,GNB5289,60,true,0.0,0.0,-1.0,0.0,0.0,0.0
160,237.9859583,19.2074167,0.0,GNB5318,60,true,0.0,0.0,-1.0,0.0,0.0,0.0
161,237.987,19.2184556,0.0,GNB5330,60,true,0.0,0.0,-1.0,0.0,0.0,0.0
162,237.9857917,19.1778194,0.0,GNB5361,60,true,0.0,0.0,-1.0,0.0,0.0,0.0
163,237.9875417,19.2063889,0.0,GNB5373,60,true,0.0,0.0,-1.0,0.0,0.0,0.0
164,237.9863333,19.217625,0.0,GNB5403,60,true,0.0,0.0,-1.0,0.0,0.0,0.0
165,237.9840417,19.1990111,0.0,GNB5428,60,true,0.0,0.0,-1.0,0.0,0.0,0.0
166,237.9858333,19.1481917,0.0,GNB5435,60,true,0.0,0.0,-1.0,0.0,0.0,0.0
167,237.98466669999996,19.1536194,0.0,GNB5475,60,true,0.0,0.0,-1.0,0.0,0.0,0.0
168,237.9848333,19.1849861,0.0,GNB5494,60,true,0.0,0.0,-1.0,0.0,0.0,0.0
169,237.9819167,19.152225,0.0,GNB5571,60,true,0.0,0.0,-1.0,0.0,0.0,0.0
170,237.977125,19.1822556,0.0,GNB5642,60,true,0.0,0.0,-1.0,0.0,0.0,0.0
171,237.98125,19.1629667,0.0,GNB5662,60,true,0.0,0.0,-1.0,0.0,0.0,0.0
172,237.9781667,19.1850833,0.0,GNB5677,60,true,0.0,0.0,-1.0,0.0,0.0,0.0
173,237.9788333,19.166763900000003,0.0,GNB5707,60,true,0.0,0.0,-1.0,0.0,0.0,0.0
174,237.97612499999997,19.1910556,0.0,GNB5780,60,true,0.0,0.0,-1.0,0.0,0.0,0.0
175,237.97541669999998,19.2178583,0.0,GNB5808,60,true,0.0,0.0,-1.0,0.0,0.0,0.0
176,237.9762083,19.1962972,0.0,GNB5831,60,true,0.0,0.0,-1.0,0.0,0.0,0.0
177,237.9756667,19.1847306,0.0,GNB5877,60,true,0.0,0.0,-1.0,0.0,0.0,0.0
178,237.927,19.1762167,0.0,GNB669,60,true,0.0,0.0,-1.0,0.0,0.0,0.0
179,237.92924999999997,19.1778028,0.0,GNB699,60,true,0.0,0.0,-1.0,0.0,0.0,0.0
180,237.9279167,19.2160333,0.0,GNB709,60,true,0.0,0.0,-1.0,0.0,0.0,0.0
181,237.914125,19.1618972,0.0,GNB81,60,true,0.0,0.0,-1.0,0.0,0.0,0.0
182,237.9323333,19.194525,0.0,GNB859,60,true,0.0,0.0,-1.0,0.0,0.0,0.0
183,237.931625,19.1992528,0.0,GNB864,60,true,0.0,0.0,-1.0,0.0,0.0,0.0
184,237.93316670000002,19.1839639,0.0,GNB920,60,true,0.0,0.0,-1.0,0.0,0.0,0.0
185,237.9343333,19.2154278,0.0,GNB991,60,true,0.0,0.0,-1.0,0.0,0.0,0.0
186,237.9343333,19.2154278,0.0,GNB991,60,true,0.0,0.0,-1.0,0.0,0.0,0.0
187,238.02155,19.1952806,0.0,BX200,60,true,0.0,0.0,-1.0,0.0,0.0,0.0
188,237.940375,19.1980583,0.0,GNB1300a,60,true,0.0,0.0,-1.0,0.0,0.0,0.0
189,237.9525833,19.2006278,0.0,GNB1879a,60,true,0.0,0.0,-1.0,0.0,0.0,0.0
190,238.0149583,19.2140056,0.0,GNB4022a,60,true,0.0,0.0,-1.0,0.0,0.0,0.0
191,238.0149583,19.2140056,0.0,GNB4022b,60,true,0.0,0.0,-1.0,0.0,0.0,0.0
192,237.911189,19.168050000000004,0.0,NB32,60,true,0.0,0.0,-1.0,0.0,0.0,0.0
193,237.915745,19.181722,0.0,NB142,60,true,0.0,0.0,-1.0,0.0,0.0,0.0
194,237.916632,19.150025,0.0,NB161,60,true,0.0,0.0,-1.0,0.0,0.0,0.0
195,237.924605,19.1713183,0.0,NB418,60,true,0.0,0.0,-1.0,0.0,0.0,0.0
196,237.9513996,19.2204942,0.0,NB1271,60,true,0.0,0.0,-1.0,0.0,0.0,0.0
197,237.956583,19.1781168,0.0,NB1435,60,true,0.0,0.0,-1.0,0.0,0.0,0.0
198,238.008924,19.1652879,0.0,NB3167,60,true,0.0,0.0,-1.0,0.0,0.0,0.0
199,237.9686375,19.184477500000003,0.0,HS15491919,5,true,0.0,0.0,-1.0,0.0,0.0,0.0
200,238.06947499999998,19.1615722,0.0,LAB29,1,true,0.0,0.0,-1.0,0.0,0.0,0.0
201,238.085425,19.181002800000005,0.0,LAB31,1,true,0.0,0.0,-1.0,0.0,0.0,0.0
202,238.0719167,19.2041667,0.0,LAB40,1,true,0.0,0.0,-1.0,0.0,0.0,0.0
203,238.0941667,19.1888333,0.0,SMGD,20,true,0.0,0.0,-1.0,0.0,0.0,0.0
204,238.1104167,19.1713333,0.0,SMGF,20,true,0.0,0.0,-1.0,0.0,0.0,0.0
205,238.05375,19.187861100000003,0.0,SMGJ,20,true,0.0,0.0,-1.0,0.0,0.0,0.0
206,237.95534,19.15242,0.0,BX52,20,true,0.0,0.0,-1.0,0.0,0.0,0.0
207,237.94157,19.20823,0.0,MD6,20,true,0.0,0.0,-1.0,0.0,0.0,0.0
208,238.00091000000003,19.20514,0.0,MD28,5,true,0.0,0.0,-1.0,0.0,0.0,0.0
209,237.92069,19.220150000000004,0.0,C2,5,true,0.0,0.0,-1.0,0.0,0.0,0.0
210,237.93197,19.19862,0.0,C3,20,true,0.0,0.0,-1.0,0.0,0.0,0.0
211,237.93595,19.183249999999997,0.0,C5,5,true,0.0,0.0,-1.0,0.0,0.0,0.0
212,237.93911,19.14718,0.0,C8,20,true,0.0,0.0,-1.0,0.0,0.0,0.0
213,237.94461,19.19789,0.0,C9,20,true,0.0,0.0,-1.0,0.0,0.0,0.0
214,237.95175,19.156930000000003,0.0,C10,5,true,0.0,0.0,-1.0,0.0,0.0,0.0
215,237.97176,19.15904,0.0,C16,5,true,0.0,0.0,-1.0,0.0,0.0,0.0
216,237.98033,19.20542,0.0,C17,20,true,0.0,0.0,-1.0,0.0,0.0,0.0
217,238.00084000000004,19.16909,0.0,C19,5,true,0.0,0.0,-1.0,0.0,0.0,0.0
218,238.00167,19.14466,0.0,C20,5,true,0.0,0.0,-1.0,0.0,0.0,0.0
219,238.01599000000002,19.162,0.0,C22,20,true,0.0,0.0,-1.0,0.0,0.0,0.0
220,238.02935000000002,19.20535,0.0,C27,20,true,0.0,0.0,-1.0,0.0,0.0,0.0
221,237.92265,19.14026,0.0,D1,5,true,0.0,0.0,-1.0,0.0,0.0,0.0
222,237.93214,19.15345,0.0,D3,20,true,0.0,0.0,-1.0,0.0,0.0,0.0
223,237.934,19.18025,0.0,D5,5,true,0.0,0.0,-1.0,0.0,0.0,0.0
224,237.9427,19.16392,0.0,D7,20,true,0.0,0.0,-1.0,0.0,0.0,0.0
225,237.9561458,19.1780528,0.0,D10,20,true,0.0,0.0,-1.0,0.0,0.0,0.0
226,237.95922,19.13773,0.0,D12,20,true,0.0,0.0,-1.0,0.0,0.0,0.0
227,237.96866,19.186509999999995,0.0,D15,20,true,0.0,0.0,-1.0,0.0,0.0,0.0
228,237.97854,19.19199,0.0,D16,5,true,0.0,0.0,-1.0,0.0,0.0,0.0
229,238.03388,19.19646,0.0,D26,20,true,0.0,0.0,-1.0,0.0,0.0,0.0
230,237.92489,19.1395,0.0,M5,20,true,0.0,0.0,-1.0,0.0,0.0,0.0
231,237.97358,19.15808,0.0,M16,20,true,0.0,0.0,-1.0,0.0,0.0,0.0
232,237.9836,19.21464,0.0,M17,5,true,0.0,0.0,-1.0,0.0,0.0,0.0
233,238.01131,19.16113,0.0,M22,5,true,0.0,0.0,-1.0,0.0,0.0,0.0
234,238.02395,19.202429999999996,0.0,M23,1,true,0.0,0.0,-1.0,0.0,0.0,0.0
235,238.03341000000003,19.18485,0.0,M26,20,true,0.0,0.0,-1.0,0.0,0.0,0.0
236,238.02007,19.21757,0.0,RK102,5,true,0.0,0.0,-1.0,0.0,0.0,0.0
237,237.98684,19.19443,0.0,RK107,5,true,0.0,0.0,-1.0,0.0,0.0,0.0
238,237.94204,19.14848,0.0,RK110,5,true,0.0,0.0,-1.0,0.0,0.0,0.0
239,237.99191,19.16429,0.0,RK111,5,true,0.0,0.0,-1.0,0.0,0.0,0.0
240,238.00477999999998,19.19168,0.0,RK121,5,true,0.0,0.0,-1.0,0.0,0.0,0.0
241,237.95815,19.21878,0.0,RK126,5,true,0.0,0.0,-1.0,0.0,0.0,0.0
242,237.96982,19.15333,0.0,fBX73,5,true,0.0,0.0,-1.0,0.0,0.0,0.0
243,237.91144,19.15287,0.0,BX1,5,true,0.0,0.0,-1.0,0.0,0.0,0.0
244,237.91396,19.16356,0.0,BX4,5,true,0.0,0.0,-1.0,0.0,0.0,0.0
245,237.91463,19.15654,0.0,BX5,5,true,0.0,0.0,-1.0,0.0,0.0,0.0
246,237.91636,19.20222,0.0,BX9,5,true,0.0,0.0,-1.0,0.0,0.0,0.0
247,237.92006,19.16835,0.0,BX13,5,true,0.0,0.0,-1.0,0.0,0.0,0.0
248,237.92046999999997,19.2008,0.0,BX14,20,true,0.0,0.0,-1.0,0.0,0.0,0.0
249,237.92357,19.20754,0.0,BX18,5,true,0.0,0.0,-1.0,0.0,0.0,0.0
250,237.92518,19.210830000000005,0.0,BX21,5,true,0.0,0.0,-1.0,0.0,0.0,0.0
251,237.92681,19.185869999999998,0.0,BX26,5,true,0.0,0.0,-1.0,0.0,0.0,0.0
252,237.92931999999996,19.21692,0.0,BX27,5,true,0.0,0.0,-1.0,0.0,0.0,0.0
253,237.94135,19.17591,0.0,BX35,5,true,0.0,0.0,-1.0,0.0,0.0,0.0
254,237.94150000000002,19.18934,0.0,BX36,5,true,0.0,0.0,-1.0,0.0,0.0,0.0
255,237.94247,19.15463,0.0,BX37,5,true,0.0,0.0,-1.0,0.0,0.0,0.0
256,237.9437,19.16866,0.0,BX40,5,true,0.0,0.0,-1.0,0.0,0.0,0.0
257,237.94491,19.16492,0.0,BX42,5,true,0.0,0.0,-1.0,0.0,0.0,0.0
258,237.94736,19.17352,0.0,BX45,5,true,0.0,0.0,-1.0,0.0,0.0,0.0
259,237.9505,19.17274,0.0,BX48,5,true,0.0,0.0,-1.0,0.0,0.0,0.0
260,237.9539,19.186690000000002,0.0,BX51,5,true,0.0,0.0,-1.0,0.0,0.0,0.0
261,237.95534,19.15242,0.0,BX52,20,true,0.0,0.0,-1.0,0.0,0.0,0.0
262,237.95734,19.18577,0.0,BX54,5,true,0.0,0.0,-1.0,0.0,0.0,0.0
263,237.95757,19.17337,0.0,BX55,5,true,0.0,0.0,-1.0,0.0,0.0,0.0
264,237.96203,19.18172,0.0,BX59,5,true,0.0,0.0,-1.0,0.0,0.0,0.0
265,237.96309,19.18335,0.0,BX62,5,true,0.0,0.0,-1.0,0.0,0.0,0.0
266,237.96316,19.18963,0.0,BX63,5,true,0.0,0.0,-1.0,0.0,0.0,0.0
267,237.96488999999997,19.18969,0.0,BX65,5,true,0.0,0.0,-1.0,0.0,0.0,0.0
268,237.96578,19.19078,0.0,BX67,5,true,0.0,0.0,-1.0,0.0,0.0,0.0
269,237.96674,19.157830000000004,0.0,BX70,5,true,0.0,0.0,-1.0,0.0,0.0,0.0
270,237.96771,19.2054,0.0,BX73,5,true,0.0,0.0,-1.0,0.0,0.0,0.0
271,237.96992,19.182119999999998,0.0,BX81,5,true,0.0,0.0,-1.0,0.0,0.0,0.0
272,237.97373999999996,19.20684,0.0,BX84,20,true,0.0,0.0,-1.0,0.0,0.0,0.0
273,237.97534,19.19667,0.0,BX86,5,true,0.0,0.0,-1.0,0.0,0.0,0.0
274,237.97638,19.17664,0.0,BX89,5,true,0.0,0.0,-1.0,0.0,0.0,0.0
275,237.97713,19.171800000000005,0.0,BX91,5,true,0.0,0.0,-1.0,0.0,0.0,0.0
276,237.98029,19.171899999999997,0.0,BX94,5,true,0.0,0.0,-1.0,0.0,0.0,0.0
277,237.98035000000002,19.2033,0.0,BX95,5,true,0.0,0.0,-1.0,0.0,0.0,0.0
278,237.98053,19.15891,0.0,BX101,5,true,0.0,0.0,-1.0,0.0,0.0,0.0
279,237.98326,19.21228,0.0,BX102,5,true,0.0,0.0,-1.0,0.0,0.0,0.0
280,237.98369,19.19474,0.0,BX104,5,true,0.0,0.0,-1.0,0.0,0.0,0.0
281,237.98659,19.20045,0.0,BX109,5,true,0.0,0.0,-1.0,0.0,0.0,0.0
282,237.98734,19.18027,0.0,BX113,5,true,0.0,0.0,-1.0,0.0,0.0,0.0
283,237.98881,19.16607,0.0,BX119,5,true,0.0,0.0,-1.0,0.0,0.0,0.0
284,237.9896,19.18218,0.0,BX121,5,true,0.0,0.0,-1.0,0.0,0.0,0.0
285,237.99087,19.141779999999997,0.0,BX124,5,true,0.0,0.0,-1.0,0.0,0.0,0.0
286,237.99104,19.20554,0.0,BX126,5,true,0.0,0.0,-1.0,0.0,0.0,0.0
287,237.99248,19.17427,0.0,BX127,5,true,0.0,0.0,-1.0,0.0,0.0,0.0
288,237.99271,19.189080000000004,0.0,BX128,5,true,0.0,0.0,-1.0,0.0,0.0,0.0
289,237.99246,19.202690000000004,0.0,BX129,5,true,0.0,0.0,-1.0,0.0,0.0,0.0
290,237.9958,19.17358,0.0,BX130,5,true,0.0,0.0,-1.0,0.0,0.0,0.0
291,237.99568,19.21032,0.0,BX131,5,true,0.0,0.0,-1.0,0.0,0.0,0.0
292,237.99633000000003,19.18096,0.0,BX133,5,true,0.0,0.0,-1.0,0.0,0.0,0.0
293,237.99785,19.1819,0.0,BX137,5,true,0.0,0.0,-1.0,0.0,0.0,0.0
294,237.99915,19.17007,0.0,BX139,5,true,0.0,0.0,-1.0,0.0,0.0,0.0
295,238.00512,19.17761,0.0,BX156,5,true,0.0,0.0,-1.0,0.0,0.0,0.0
296,238.005,19.16467,0.0,BX157,5,true,0.0,0.0,-1.0,0.0,0.0,0.0
297,238.00668999999996,19.16437,0.0,BX161,5,true,0.0,0.0,-1.0,0.0,0.0,0.0
298,238.00776,19.16821,0.0,BX162,5,true,0.0,0.0,-1.0,0.0,0.0,0.0
299,238.0087,19.21028,0.0,BX164,5,true,0.0,0.0,-1.0,0.0,0.0,0.0
300,238.01074999999997,19.16388,0.0,BX170,5,true,0.0,0.0,-1.0,0.0,0.0,0.0
301,238.0105,19.21963,0.0,BX171,5,true,0.0,0.0,-1.0,0.0,0.0,0.0
302,238.01146000000003,19.20513,0.0,BX173,5,true,0.0,0.0,-1.0,0.0,0.0,0.0
303,238.01251,19.18732,0.0,BX175,5,true,0.0,0.0,-1.0,0.0,0.0,0.0
304,238.01486,19.16727,0.0,BX180,5,true,0.0,0.0,-1.0,0.0,0.0,0.0
305,238.01581,19.21146,0.0,BX184,5,true,0.0,0.0,-1.0,0.0,0.0,0.0
306,238.01756,19.20786,0.0,BX187,5,true,0.0,0.0,-1.0,0.0,0.0,0.0
307,238.01765,19.16101,0.0,BX189,5,true,0.0,0.0,-1.0,0.0,0.0,0.0
308,238.01896,19.218300000000003,0.0,BX190,5,true,0.0,0.0,-1.0,0.0,0.0,0.0
309,238.01947,19.21649,0.0,BX191,5,true,0.0,0.0,-1.0,0.0,0.0,0.0
310,238.01985999999997,19.2074,0.0,BX193,5,true,0.0,0.0,-1.0,0.0,0.0,0.0
311,238.01905,19.1611,0.0,BX194,5,true,0.0,0.0,-1.0,0.0,0.0,0.0
312,238.02032,19.19558,0.0,BX197,5,true,0.0,0.0,-1.0,0.0,0.0,0.0
313,238.02063,19.15832,0.0,BX198,5,true,0.0,0.0,-1.0,0.0,0.0,0.0
314,238.02155,19.19528,0.0,BX200,5,true,0.0,0.0,-1.0,0.0,0.0,0.0
315,238.02122,19.21382,0.0,BX202,5,true,0.0,0.0,-1.0,0.0,0.0,0.0
316,238.02324,19.16747,0.0,BX207,5,true,0.0,0.0,-1.0,0.0,0.0,0.0
317,238.02392,19.22077,0.0,BX210,5,true,0.0,0.0,-1.0,0.0,0.0,0.0
318,238.02727,19.21268,0.0,BX219,5,true,0.0,0.0,-1.0,0.0,0.0,0.0
319,238.02544,19.18454,0.0,BX221,5,true,0.0,0.0,-1.0,0.0,0.0,0.0
320,238.02616,19.18332,0.0,BX223,5,true,0.0,0.0,-1.0,0.0,0.0,0.0
321,238.02849999999998,19.17291,0.0,BX227,5,true,0.0,0.0,-1.0,0.0,0.0,0.0
322,238.02966,19.17003,0.0,BX229,5,true,0.0,0.0,-1.0,0.0,0.0,0.0
323,238.03158,19.17105,0.0,BX233,5,true,0.0,0.0,-1.0,0.0,0.0,0.0
324,238.03481,19.166,0.0,BX240,5,true,0.0,0.0,-1.0,0.0,0.0,0.0
325,238.03592,19.20184,0.0,BX242,5,true,0.0,0.0,-1.0,0.0,0.0,0.0
326,237.92876,19.15909,0.0,MD1,20,true,0.0,0.0,-1.0,0.0,0.0,0.0
327,237.93596,19.21221,0.0,MD3,5,true,0.0,0.0,-1.0,0.0,0.0,0.0
328,237.93696,19.15472,0.0,MD4,5,true,0.0,0.0,-1.0,0.0,0.0,0.0
329,237.93839,19.18475,0.0,MD5,5,true,0.0,0.0,-1.0,0.0,0.0,0.0
330,237.94157,19.20823,0.0,MD6,20,true,0.0,0.0,-1.0,0.0,0.0,0.0
331,237.96542,19.21405,0.0,MD11,5,true,0.0,0.0,-1.0,0.0,0.0,0.0
332,237.97382,19.21129,0.0,MD16,5,true,0.0,0.0,-1.0,0.0,0.0,0.0
333,237.9756958,19.1953139,0.0,MD18,20,true,0.0,0.0,-1.0,0.0,0.0,0.0
334,237.97914,19.19683,0.0,MD19,20,true,0.0,0.0,-1.0,0.0,0.0,0.0
335,237.97921,19.20914,0.0,MD20,5,true,0.0,0.0,-1.0,0.0,0.0,0.0
336,237.98574,19.16378,0.0,MD21,5,true,0.0,0.0,-1.0,0.0,0.0,0.0
337,237.98741000000004,19.21195,0.0,MD22,5,true,0.0,0.0,-1.0,0.0,0.0,0.0
338,238.00078,19.14166,0.0,MD25,5,true,0.0,0.0,-1.0,0.0,0.0,0.0
339,238.00469,19.18193,0.0,MD26,5,true,0.0,0.0,-1.0,0.0,0.0,0.0
340,238.00647999999998,19.172129999999996,0.0,MD29,5,true,0.0,0.0,-1.0,0.0,0.0,0.0
341,238.01428,19.18811,0.0,MD30,20,true,0.0,0.0,-1.0,0.0,0.0,0.0
342,238.02151,19.18652,0.0,MD31,5,true,0.0,0.0,-1.0,0.0,0.0,0.0
343,238.02396,19.20397,0.0,MD33,5,true,0.0,0.0,-1.0,0.0,0.0,0.0
344,238.02918,19.14451,0.0,MD35,5,true,0.0,0.0,-1.0,0.0,0.0,0.0
345,238.02894,19.14406,0.0,MD36,5,true,0.0,0.0,-1.0,0.0,0.0,0.0
346,238.03312,19.18388,0.0,MD37,5,true,0.0,0.0,-1.0,0.0,0.0,0.0
347,238.0342,19.19408,0.0,MD38,20,true,0.0,0.0,-1.0,0.0,0.0,0.0
348,237.915817,19.168259,0.0,DRG1,1,true,0.0,0.0,-1.0,0.0,0.0,0.0
349,237.916107,19.161852,0.0,DRG2,1,true,0.0,0.0,-1.0,0.0,0.0,0.0
350,237.923782,19.212986000000004,0.0,DRG3,1,true,0.0,0.0,-1.0,0.0,0.0,0.0
351,237.926514,19.22081,0.0,DRG5,1,true,0.0,0.0,-1.0,0.0,0.0,0.0
352,237.932678,19.136693999999995,0.0,DRG9,1,true,0.0,0.0,-1.0,0.0,0.0,0.0
353,237.95192,19.137365,0.0,DRG16,1,true,0.0,0.0,-1.0,0.0,0.0,0.0
354,237.965256,19.200155,0.0,DRG25,1,true,0.0,0.0,-1.0,0.0,0.0,0.0
355,237.96665999999996,19.155897,0.0,DRG28,1,true,0.0,0.0,-1.0,0.0,0.0,0.0
356,237.967285,19.139563,0.0,DRG29,1,true,0.0,0.0,-1.0,0.0,0.0,0.0
357,237.969009,19.209248,0.0,DRG30,1,true,0.0,0.0,-1.0,0.0,0.0,0.0
358,237.970688,19.154043000000005,0.0,DRG31,1,true,0.0,0.0,-1.0,0.0,0.0,0.0
359,237.971436,19.185368999999998,0.0,DRG33,1,true,0.0,0.0,-1.0,0.0,0.0,0.0
360,237.972763,19.185539,0.0,DRG35,1,true,0.0,0.0,-1.0,0.0,0.0,0.0
361,237.985367,19.192545,0.0,DRG40,1,true,0.0,0.0,-1.0,0.0,0.0,0.0
362,237.99498,19.172918,0.0,DRG48,1,true,0.0,0.0,-1.0,0.0,0.0,0.0
363,237.99848900000003,19.178061,0.0,DRG49,1,true,0.0,0.0,-1.0,0.0,0.0,0.0
364,238.000961,19.157631,0.0,DRG51,1,true,0.0,0.0,-1.0,0.0,0.0,0.0
365,238.003403,19.162230999999995,0.0,DRG55,1,true,0.0,0.0,-1.0,0.0,0.0,0.0
366,238.005386,19.20656,0.0,DRG57,1,true,0.0,0.0,-1.0,0.0,0.0,0.0
367,238.008163,19.209133,0.0,DRG60,1,true,0.0,0.0,-1.0,0.0,0.0,0.0
368,238.013885,19.214329,0.0,DRG63,1,true,0.0,0.0,-1.0,0.0,0.0,0.0
369,238.01423600000004,19.167114,0.0,DRG65,1,true,0.0,0.0,-1.0,0.0,0.0,0.0
370,238.017303,19.140429,0.0,DRG67,1,true,0.0,0.0,-1.0,0.0,0.0,0.0
371,238.020447,19.192429,0.0,DRG70,1,true,0.0,0.0,-1.0,0.0,0.0,0.0
372,238.025345,19.185476,0.0,DRG71,1,true,0.0,0.0,-1.0,0.0,0.0,0.0
373,238.031128,19.172884,0.0,DRG74,1,true,0.0,0.0,-1.0,0.0,0.0,0.0
374,238.031967,19.175896,0.0,DRG75,1,true,0.0,0.0,-1.0,0.0,0.0,0.0
375,238.032288,19.175341,0.0,DRG76,1,true,0.0,0.0,-1.0,0.0,0.0,0.0
376,238.034851,19.137964,0.0,DRG78,1,true,0.0,0.0,-1.0,0.0,0.0,0.0
377,237.9348333,19.1672667,0.0,GNB1000,1,true,0.0,0.0,-1.0,0.0,0.0,0.0
378,237.93625,19.208541700000005,0.0,GNB1019,1,true,0.0,0.0,-1.0,0.0,0.0,0.0
379,237.9359167,19.1726944,0.0,GNB1073,1,true,0.0,0.0,-1.0,0.0,0.0,0.0
380,237.9358333,19.2143778,0.0,GNB1082,1,true,0.0,0.0,-1.0,0.0,0.0,0.0
381,237.9360833,19.180152800000002,0.0,GNB1089,1,true,0.0,0.0,-1.0,0.0,0.0,0.0
382,237.9367083,19.206405599999997,0.0,GNB1119,1,true,0.0,0.0,-1.0,0.0,0.0,0.0
383,237.9375417,19.210675,0.0,GNB1130,1,true,0.0,0.0,-1.0,0.0,0.0,0.0
384,237.93758329999997,19.2209944,0.0,GNB1151,1,true,0.0,0.0,-1.0,0.0,0.0,0.0
385,237.9380417,19.2121972,0.0,GNB1156,1,true,0.0,0.0,-1.0,0.0,0.0,0.0
386,237.9381667,19.1404806,0.0,GNB1180,1,true,0.0,0.0,-1.0,0.0,0.0,0.0
387,237.940375,19.135791699999995,0.0,GNB1206,1,true,0.0,0.0,-1.0,0.0,0.0,0.0
388,237.9137083,19.191977799999997,0.0,GNB121,1,true,0.0,0.0,-1.0,0.0,0.0,0.0
389,237.93845829999998,19.2129111,0.0,GNB1219,1,true,0.0,0.0,-1.0,0.0,0.0,0.0
390,237.93904169999996,19.1606722,0.0,GNB1231,1,true,0.0,0.0,-1.0,0.0,0.0,0.0
391,237.93904169999996,19.189444400000003,0.0,GNB1259,1,true,0.0,0.0,-1.0,0.0,0.0,0.0
392,237.9394167,19.1573194,0.0,GNB1267,1,true,0.0,0.0,-1.0,0.0,0.0,0.0
393,237.940375,19.1980583,0.0,GNB1300,1,true,0.0,0.0,-1.0,0.0,0.0,0.0
394,237.941125,19.1988222,0.0,GNB1336,1,true,0.0,0.0,-1.0,0.0,0.0,0.0
395,237.9404583,19.209572199999997,0.0,GNB1339,1,true,0.0,0.0,-1.0,0.0,0.0,0.0
396,237.9425,19.204775,0.0,GNB1386,1,true,0.0,0.0,-1.0,0.0,0.0,0.0
397,237.942,19.204188900000002,0.0,GNB1388,1,true,0.0,0.0,-1.0,0.0,0.0,0.0
398,237.9421667,19.2156306,0.0,GNB1397,1,true,0.0,0.0,-1.0,0.0,0.0,0.0
399,237.9420833,19.2009611,0.0,GNB1401,1,true,0.0,0.0,-1.0,0.0,0.0,0.0
400,237.9427917,19.2093222,0.0,GNB1408,1,true,0.0,0.0,-1.0,0.0,0.0,0.0
401,237.9427083,19.1754167,0.0,GNB1413,1,true,0.0,0.0,-1.0,0.0,0.0,0.0
402,237.9425417,19.1806861,0.0,GNB1429,1,true,0.0,0.0,-1.0,0.0,0.0,0.0
403,237.9438333,19.2094111,0.0,GNB1434,1,true,0.0,0.0,-1.0,0.0,0.0,0.0
404,237.942875,19.1865,0.0,GNB1441,1,true,0.0,0.0,-1.0,0.0,0.0,0.0
405,237.9435417,19.152830599999998,0.0,GNB1455,1,true,0.0,0.0,-1.0,0.0,0.0,0.0
406,237.94329169999997,19.1705667,0.0,GNB1456,1,true,0.0,0.0,-1.0,0.0,0.0,0.0
407,237.9434583,19.1627056,0.0,GNB1465,1,true,0.0,0.0,-1.0,0.0,0.0,0.0
408,237.943375,19.1508972,0.0,GNB1473,1,true,0.0,0.0,-1.0,0.0,0.0,0.0
409,237.9450417,19.2094028,0.0,GNB1492,1,true,0.0,0.0,-1.0,0.0,0.0,0.0
410,237.943875,19.1629417,0.0,GNB1497,1,true,0.0,0.0,-1.0,0.0,0.0,0.0
411,237.9440417,19.1970806,0.0,GNB1508,1,true,0.0,0.0,-1.0,0.0,0.0,0.0
412,237.9457083,19.2188556,0.0,GNB1536,1,true,0.0,0.0,-1.0,0.0,0.0,0.0
413,237.9480417,19.1991556,0.0,GNB1557,1,true,0.0,0.0,-1.0,0.0,0.0,0.0
414,237.9450417,19.1981833,0.0,GNB1577,1,true,0.0,0.0,-1.0,0.0,0.0,0.0
415,237.9471667,19.2004167,0.0,GNB1586,1,true,0.0,0.0,-1.0,0.0,0.0,0.0
416,237.9470417,19.218225,0.0,GNB1637,1,true,0.0,0.0,-1.0,0.0,0.0,0.0
417,237.9495,19.1621778,0.0,GNB1644,1,true,0.0,0.0,-1.0,0.0,0.0,0.0
418,237.9477917,19.2105306,0.0,GNB1652,1,true,0.0,0.0,-1.0,0.0,0.0,0.0
419,237.915125,19.1677583,0.0,GNB166,1,true,0.0,0.0,-1.0,0.0,0.0,0.0
420,237.9482083,19.2114667,0.0,GNB1689,1,true,0.0,0.0,-1.0,0.0,0.0,0.0
421,237.9489167,19.1754056,0.0,GNB1692,1,true,0.0,0.0,-1.0,0.0,0.0,0.0
422,237.9492083,19.1764111,0.0,GNB1710,1,true,0.0,0.0,-1.0,0.0,0.0,0.0
423,237.9518333,19.1767917,0.0,GNB1828,1,true,0.0,0.0,-1.0,0.0,0.0,0.0
424,237.9155417,19.1949056,0.0,GNB184,1,true,0.0,0.0,-1.0,0.0,0.0,0.0
425,237.9529167,19.217608299999995,0.0,GNB1866,1,true,0.0,0.0,-1.0,0.0,0.0,0.0
426,237.9525833,19.2006278,0.0,GNB1879,1,true,0.0,0.0,-1.0,0.0,0.0,0.0
427,237.9531667,19.1732083,0.0,GNB1907,1,true,0.0,0.0,-1.0,0.0,0.0,0.0
428,237.9531667,19.2188,0.0,GNB1913,1,true,0.0,0.0,-1.0,0.0,0.0,0.0
429,237.9545417,19.1834583,0.0,GNB1964,1,true,0.0,0.0,-1.0,0.0,0.0,0.0
430,237.95466669999996,19.1544972,0.0,GNB1983,1,true,0.0,0.0,-1.0,0.0,0.0,0.0
431,237.95516670000004,19.2190472,0.0,GNB1986,1,true,0.0,0.0,-1.0,0.0,0.0,0.0
432,237.9550417,19.176825,0.0,GNB1994,1,true,0.0,0.0,-1.0,0.0,0.0,0.0
433,237.956625,19.170594399999995,0.0,GNB2018,1,true,0.0,0.0,-1.0,0.0,0.0,0.0
434,237.956375,19.2096639,0.0,GNB2032,1,true,0.0,0.0,-1.0,0.0,0.0,0.0
435,237.956,19.1498639,0.0,GNB2033,1,true,0.0,0.0,-1.0,0.0,0.0,0.0
436,237.95675,19.1722528,0.0,GNB2035,1,true,0.0,0.0,-1.0,0.0,0.0,0.0
437,237.95625,19.141352799999996,0.0,GNB2039,1,true,0.0,0.0,-1.0,0.0,0.0,0.0
438,237.956125,19.182475,0.0,GNB2046,1,true,0.0,0.0,-1.0,0.0,0.0,0.0
439,237.9565833,19.1752611,0.0,GNB2066,1,true,0.0,0.0,-1.0,0.0,0.0,0.0
440,237.9568333,19.195,0.0,GNB2082,1,true,0.0,0.0,-1.0,0.0,0.0,0.0
441,237.9569583,19.2110389,0.0,GNB2090,1,true,0.0,0.0,-1.0,0.0,0.0,0.0
442,237.9569583,19.1483667,0.0,GNB2092,1,true,0.0,0.0,-1.0,0.0,0.0,0.0
443,237.9585833,19.149930600000005,0.0,GNB2098,1,true,0.0,0.0,-1.0,0.0,0.0,0.0
444,237.95775,19.1482972,0.0,GNB2120,1,true,0.0,0.0,-1.0,0.0,0.0,0.0
445,237.957875,19.1799083,0.0,GNB2129,1,true,0.0,0.0,-1.0,0.0,0.0,0.0
446,237.959375,19.159827799999995,0.0,GNB2201,1,true,0.0,0.0,-1.0,0.0,0.0,0.0
447,237.95925000000003,19.2131722,0.0,GNB2205,1,true,0.0,0.0,-1.0,0.0,0.0,0.0
448,237.960875,19.2205278,0.0,GNB2235,1,true,0.0,0.0,-1.0,0.0,0.0,0.0
449,237.960625,19.1449611,0.0,GNB2236,1,true,0.0,0.0,-1.0,0.0,0.0,0.0
450,237.9620417,19.1878528,0.0,GNB2275,1,true,0.0,0.0,-1.0,0.0,0.0,0.0
451,237.960625,19.2099944,0.0,GNB2279,1,true,0.0,0.0,-1.0,0.0,0.0,0.0
452,237.9618333,19.1440806,0.0,GNB2283,1,true,0.0,0.0,-1.0,0.0,0.0,0.0
453,237.961875,19.2027389,0.0,GNB2285,1,true,0.0,0.0,-1.0,0.0,0.0,0.0
454,237.9615,19.1922278,0.0,GNB2291,1,true,0.0,0.0,-1.0,0.0,0.0,0.0
455,237.96295830000003,19.1860806,0.0,GNB2308,1,true,0.0,0.0,-1.0,0.0,0.0,0.0
456,237.9616667,19.208525,0.0,GNB2313,1,true,0.0,0.0,-1.0,0.0,0.0,0.0
457,237.9627917,19.1930889,0.0,GNB2342,1,true,0.0,0.0,-1.0,0.0,0.0,0.0
458,237.9621667,19.1844083,0.0,GNB2353,1,true,0.0,0.0,-1.0,0.0,0.0,0.0
459,237.970625,19.1435417,0.0,GNB2368,1,true,0.0,0.0,-1.0,0.0,0.0,0.0
460,237.964375,19.1729417,0.0,GNB2419,1,true,0.0,0.0,-1.0,0.0,0.0,0.0
461,237.964875,19.1890333,0.0,GNB2439,1,true,0.0,0.0,-1.0,0.0,0.0,0.0
462,237.9690833,19.21995,0.0,GNB2450,1,true,0.0,0.0,-1.0,0.0,0.0,0.0
463,237.967125,19.1404833,0.0,GNB2454,1,true,0.0,0.0,-1.0,0.0,0.0,0.0
464,237.96508330000003,19.1402361,0.0,GNB2467,1,true,0.0,0.0,-1.0,0.0,0.0,0.0
465,237.965375,19.1890167,0.0,GNB2490,1,true,0.0,0.0,-1.0,0.0,0.0,0.0
466,237.9656667,19.1541111,0.0,GNB2520,1,true,0.0,0.0,-1.0,0.0,0.0,0.0
467,237.96675,19.2207528,0.0,GNB2527,1,true,0.0,0.0,-1.0,0.0,0.0,0.0
468,237.9679167,19.1381194,0.0,GNB2530,1,true,0.0,0.0,-1.0,0.0,0.0,0.0
469,237.9669167,19.1803722,0.0,GNB2567,1,true,0.0,0.0,-1.0,0.0,0.0,0.0
470,237.96720830000004,19.1745667,0.0,GNB2577,1,true,0.0,0.0,-1.0,0.0,0.0,0.0
471,237.9670833,19.1519222,0.0,GNB2578,1,true,0.0,0.0,-1.0,0.0,0.0,0.0
472,237.967625,19.1746944,0.0,GNB2605,1,true,0.0,0.0,-1.0,0.0,0.0,0.0
473,237.96904169999996,19.1548806,0.0,GNB2678,1,true,0.0,0.0,-1.0,0.0,0.0,0.0
474,237.9176667,19.1914833,0.0,GNB269,1,true,0.0,0.0,-1.0,0.0,0.0,0.0
475,237.96991670000003,19.1533306,0.0,GNB2692,1,true,0.0,0.0,-1.0,0.0,0.0,0.0
476,237.9696667,19.1559694,0.0,GNB2709,1,true,0.0,0.0,-1.0,0.0,0.0,0.0
477,237.96970829999998,19.220991699999995,0.0,GNB2714,1,true,0.0,0.0,-1.0,0.0,0.0,0.0
478,237.97116669999997,19.1956806,0.0,GNB2762,1,true,0.0,0.0,-1.0,0.0,0.0,0.0
479,237.9727917,19.219199999999997,0.0,GNB2787,1,true,0.0,0.0,-1.0,0.0,0.0,0.0
480,237.9715833,19.1683389,0.0,GNB2792,1,true,0.0,0.0,-1.0,0.0,0.0,0.0
481,237.971375,19.2021361,0.0,GNB2797,1,true,0.0,0.0,-1.0,0.0,0.0,0.0
482,237.971625,19.2077833,0.0,GNB2798,1,true,0.0,0.0,-1.0,0.0,0.0,0.0
483,237.9717917,19.219,0.0,GNB2800,1,true,0.0,0.0,-1.0,0.0,0.0,0.0
484,237.97454169999997,19.2210056,0.0,GNB2802,1,true,0.0,0.0,-1.0,0.0,0.0,0.0
485,237.9731667,19.191975,0.0,GNB2812,1,true,0.0,0.0,-1.0,0.0,0.0,0.0
486,237.97204170000003,19.2213306,0.0,GNB2816,1,true,0.0,0.0,-1.0,0.0,0.0,0.0
487,237.9721667,19.1667222,0.0,GNB2817,1,true,0.0,0.0,-1.0,0.0,0.0,0.0
488,237.97275000000002,19.1527889,0.0,GNB2818,1,true,0.0,0.0,-1.0,0.0,0.0,0.0
489,237.972125,19.2184861,0.0,GNB2821,1,true,0.0,0.0,-1.0,0.0,0.0,0.0
490,237.9720833,19.2138167,0.0,GNB2822,1,true,0.0,0.0,-1.0,0.0,0.0,0.0
491,237.97329169999998,19.153761100000004,0.0,GNB2831,1,true,0.0,0.0,-1.0,0.0,0.0,0.0
492,237.973,19.2136333,0.0,GNB2838,1,true,0.0,0.0,-1.0,0.0,0.0,0.0
493,237.9843333,19.1721222,0.0,GNB2839,1,true,0.0,0.0,-1.0,0.0,0.0,0.0
494,237.9725833,19.2028056,0.0,GNB2848,1,true,0.0,0.0,-1.0,0.0,0.0,0.0
495,237.9732083,19.1450528,0.0,GNB2850,1,true,0.0,0.0,-1.0,0.0,0.0,0.0
496,237.9725417,19.2039333,0.0,GNB2851,1,true,0.0,0.0,-1.0,0.0,0.0,0.0
497,237.9727917,19.210858299999998,0.0,GNB2858,1,true,0.0,0.0,-1.0,0.0,0.0,0.0
498,237.9733333,19.19345,0.0,GNB2861,1,true,0.0,0.0,-1.0,0.0,0.0,0.0
499,237.9737917,19.1918806,0.0,GNB2862,1,true,0.0,0.0,-1.0,0.0,0.0,0.0
500,237.9735417,19.2094472,0.0,GNB2873,1,true,0.0,0.0,-1.0,0.0,0.0,0.0
501,237.9743333,19.2155639,0.0,GNB2892,1,true,0.0,0.0,-1.0,0.0,0.0,0.0
502,237.9737917,19.2124139,0.0,GNB2894,1,true,0.0,0.0,-1.0,0.0,0.0,0.0
503,237.91858329999997,19.172116700000004,0.0,GNB296,1,true,0.0,0.0,-1.0,0.0,0.0,0.0
504,238.035625,19.1791222,0.0,GNB2964,1,true,0.0,0.0,-1.0,0.0,0.0,0.0
505,238.02025,19.141194399999996,0.0,GNB3002,1,true,0.0,0.0,-1.0,0.0,0.0,0.0
506,238.020125,19.1373806,0.0,GNB3003,1,true,0.0,0.0,-1.0,0.0,0.0,0.0
507,238.0195417,19.1797694,0.0,GNB3011,1,true,0.0,0.0,-1.0,0.0,0.0,0.0
508,238.0142917,19.1563111,0.0,GNB3021,1,true,0.0,0.0,-1.0,0.0,0.0,0.0
509,238.035,19.1940889,0.0,GNB3137,1,true,0.0,0.0,-1.0,0.0,0.0,0.0
510,238.03400000000002,19.1462889,0.0,GNB3157,1,true,0.0,0.0,-1.0,0.0,0.0,0.0
511,238.0339167,19.1468917,0.0,GNB3158,1,true,0.0,0.0,-1.0,0.0,0.0,0.0
512,238.0350417,19.1924056,0.0,GNB3172,1,true,0.0,0.0,-1.0,0.0,0.0,0.0
513,238.0335,19.1844139,0.0,GNB3178,1,true,0.0,0.0,-1.0,0.0,0.0,0.0
514,238.0327083,19.1734889,0.0,GNB3218,1,true,0.0,0.0,-1.0,0.0,0.0,0.0
515,238.0318333,19.220644400000005,0.0,GNB3266,1,true,0.0,0.0,-1.0,0.0,0.0,0.0
516,237.9179583,19.2172389,0.0,GNB329,1,true,0.0,0.0,-1.0,0.0,0.0,0.0
517,238.0304167,19.198280600000004,0.0,GNB3331,1,true,0.0,0.0,-1.0,0.0,0.0,0.0
518,238.02875,19.2060417,0.0,GNB3366,1,true,0.0,0.0,-1.0,0.0,0.0,0.0
519,238.029375,19.176875,0.0,GNB3374,1,true,0.0,0.0,-1.0,0.0,0.0,0.0
520,238.0295833,19.1643222,0.0,GNB3436,1,true,0.0,0.0,-1.0,0.0,0.0,0.0
521,238.0291667,19.2209056,0.0,GNB3450,1,true,0.0,0.0,-1.0,0.0,0.0,0.0
522,238.02925,19.1970083,0.0,GNB3453,1,true,0.0,0.0,-1.0,0.0,0.0,0.0
523,238.0291667,19.1963972,0.0,GNB3454,1,true,0.0,0.0,-1.0,0.0,0.0,0.0
524,238.0291667,19.1774972,0.0,GNB3466,1,true,0.0,0.0,-1.0,0.0,0.0,0.0
525,238.027625,19.2015528,0.0,GNB3470,1,true,0.0,0.0,-1.0,0.0,0.0,0.0
526,237.9195833,19.1549,0.0,GNB354,1,true,0.0,0.0,-1.0,0.0,0.0,0.0
527,238.0246667,19.212775,0.0,GNB3603,1,true,0.0,0.0,-1.0,0.0,0.0,0.0
528,238.02325,19.202475,0.0,GNB3627,1,true,0.0,0.0,-1.0,0.0,0.0,0.0
529,238.02299999999997,19.1649583,0.0,GNB3637,1,true,0.0,0.0,-1.0,0.0,0.0,0.0
530,238.0242083,19.2044222,0.0,GNB3656,1,true,0.0,0.0,-1.0,0.0,0.0,0.0
531,238.0151667,19.210947200000003,0.0,GNB3671,1,true,0.0,0.0,-1.0,0.0,0.0,0.0
532,238.0226667,19.1653417,0.0,GNB3675,1,true,0.0,0.0,-1.0,0.0,0.0,0.0
533,238.020125,19.2198083,0.0,GNB3777,1,true,0.0,0.0,-1.0,0.0,0.0,0.0
534,238.0209583,19.2186528,0.0,GNB3787,1,true,0.0,0.0,-1.0,0.0,0.0,0.0
535,238.0215833,19.2014167,0.0,GNB3796,1,true,0.0,0.0,-1.0,0.0,0.0,0.0
536,237.92091670000002,19.1660778,0.0,GNB381,1,true,0.0,0.0,-1.0,0.0,0.0,0.0
537,238.0187083,19.1385167,0.0,GNB3843,1,true,0.0,0.0,-1.0,0.0,0.0,0.0
538,238.0204167,19.176758300000003,0.0,GNB3859,1,true,0.0,0.0,-1.0,0.0,0.0,0.0
539,238.01775,19.1462222,0.0,GNB3866,1,true,0.0,0.0,-1.0,0.0,0.0,0.0
540,238.0278333,19.1463472,0.0,GNB3868,1,true,0.0,0.0,-1.0,0.0,0.0,0.0
541,238.0187917,19.2007222,0.0,GNB3889,1,true,0.0,0.0,-1.0,0.0,0.0,0.0
542,238.017,19.1833639,0.0,GNB3903,1,true,0.0,0.0,-1.0,0.0,0.0,0.0
543,238.0185,19.189625,0.0,GNB3916,1,true,0.0,0.0,-1.0,0.0,0.0,0.0
544,238.018625,19.1800278,0.0,GNB3920,1,true,0.0,0.0,-1.0,0.0,0.0,0.0
545,238.0190833,19.1595333,0.0,GNB3923,1,true,0.0,0.0,-1.0,0.0,0.0,0.0
546,238.0164167,19.1438639,0.0,GNB3948,1,true,0.0,0.0,-1.0,0.0,0.0,0.0
547,238.01591669999996,19.1884694,0.0,GNB3998,1,true,0.0,0.0,-1.0,0.0,0.0,0.0
548,238.0145417,19.2161194,0.0,GNB4014,1,true,0.0,0.0,-1.0,0.0,0.0,0.0
549,238.0149583,19.2140056,0.0,GNB4022,1,true,0.0,0.0,-1.0,0.0,0.0,0.0
550,238.01445829999997,19.1664278,0.0,GNB4035,1,true,0.0,0.0,-1.0,0.0,0.0,0.0
551,238.01575,19.1457917,0.0,GNB4062,1,true,0.0,0.0,-1.0,0.0,0.0,0.0
552,238.01425,19.2101194,0.0,GNB4079,1,true,0.0,0.0,-1.0,0.0,0.0,0.0
553,238.0120833,19.1497194,0.0,GNB4146,1,true,0.0,0.0,-1.0,0.0,0.0,0.0
554,238.0122083,19.2130444,0.0,GNB4179,1,true,0.0,0.0,-1.0,0.0,0.0,0.0
555,238.0124583,19.139522200000002,0.0,GNB4216,1,true,0.0,0.0,-1.0,0.0,0.0,0.0
556,238.01129170000002,19.1720278,0.0,GNB4221,1,true,0.0,0.0,-1.0,0.0,0.0,0.0
557,238.0101667,19.1395917,0.0,GNB4244,1,true,0.0,0.0,-1.0,0.0,0.0,0.0
558,238.0115417,19.170575,0.0,GNB4246,1,true,0.0,0.0,-1.0,0.0,0.0,0.0
559,238.0105833,19.202075,0.0,GNB4279,1,true,0.0,0.0,-1.0,0.0,0.0,0.0
560,238.00875,19.1381139,0.0,GNB4304,1,true,0.0,0.0,-1.0,0.0,0.0,0.0
561,238.0084167,19.1699583,0.0,GNB4322,1,true,0.0,0.0,-1.0,0.0,0.0,0.0
562,238.00949999999997,19.1460806,0.0,GNB4348,1,true,0.0,0.0,-1.0,0.0,0.0,0.0
563,238.0097083,19.1758889,0.0,GNB4356,1,true,0.0,0.0,-1.0,0.0,0.0,0.0
564,237.9222917,19.1684111,0.0,GNB446,1,true,0.0,0.0,-1.0,0.0,0.0,0.0
565,238.0045,19.1904694,0.0,GNB4464,1,true,0.0,0.0,-1.0,0.0,0.0,0.0
566,238.0055833,19.151266700000004,0.0,GNB4470,1,true,0.0,0.0,-1.0,0.0,0.0,0.0
567,238.00579169999997,19.21765,0.0,GNB4494,1,true,0.0,0.0,-1.0,0.0,0.0,0.0
568,238.0025,19.2158278,0.0,GNB4513,1,true,0.0,0.0,-1.0,0.0,0.0,0.0
569,238.00524999999996,19.1848056,0.0,GNB4521,1,true,0.0,0.0,-1.0,0.0,0.0,0.0
570,238.0019167,19.2069639,0.0,GNB4566,1,true,0.0,0.0,-1.0,0.0,0.0,0.0
571,238.0042917,19.1472972,0.0,GNB4597,1,true,0.0,0.0,-1.0,0.0,0.0,0.0
572,238.0039583,19.1470333,0.0,GNB4618,1,true,0.0,0.0,-1.0,0.0,0.0,0.0
573,238.0029583,19.1639556,0.0,GNB4620,1,true,0.0,0.0,-1.0,0.0,0.0,0.0
574,238.002625,19.2191472,0.0,GNB4625,1,true,0.0,0.0,-1.0,0.0,0.0,0.0
575,238.0025833,19.1885667,0.0,GNB4626,1,true,0.0,0.0,-1.0,0.0,0.0,0.0
576,237.9919167,19.1382361,0.0,GNB4632,1,true,0.0,0.0,-1.0,0.0,0.0,0.0
577,238.0032083,19.1368667,0.0,GNB4637,1,true,0.0,0.0,-1.0,0.0,0.0,0.0
578,238.001375,19.197727799999996,0.0,GNB4649,1,true,0.0,0.0,-1.0,0.0,0.0,0.0
579,238.002875,19.2072639,0.0,GNB4656,1,true,0.0,0.0,-1.0,0.0,0.0,0.0
580,238.0014583,19.1508472,0.0,GNB4666,1,true,0.0,0.0,-1.0,0.0,0.0,0.0
581,237.9915,19.1375306,0.0,GNB4696,1,true,0.0,0.0,-1.0,0.0,0.0,0.0
582,237.99904170000002,19.2158667,0.0,GNB4743,1,true,0.0,0.0,-1.0,0.0,0.0,0.0
583,238.0000417,19.2153944,0.0,GNB4753,1,true,0.0,0.0,-1.0,0.0,0.0,0.0
584,237.9917083,19.188355599999998,0.0,GNB4760,1,true,0.0,0.0,-1.0,0.0,0.0,0.0
585,237.9995,19.1451972,0.0,GNB4769,1,true,0.0,0.0,-1.0,0.0,0.0,0.0
586,237.9981667,19.1538611,0.0,GNB4815,1,true,0.0,0.0,-1.0,0.0,0.0,0.0
587,237.9984167,19.2186028,0.0,GNB4824,1,true,0.0,0.0,-1.0,0.0,0.0,0.0
588,237.9974583,19.21215,0.0,GNB4851,1,true,0.0,0.0,-1.0,0.0,0.0,0.0
589,237.997,19.144875000000003,0.0,GNB4852,1,true,0.0,0.0,-1.0,0.0,0.0,0.0
590,237.9969583,19.1839889,0.0,GNB4859,1,true,0.0,0.0,-1.0,0.0,0.0,0.0
591,237.997625,19.1530417,0.0,GNB4875,1,true,0.0,0.0,-1.0,0.0,0.0,0.0
592,237.9968333,19.1457222,0.0,GNB4882,1,true,0.0,0.0,-1.0,0.0,0.0,0.0
593,237.996125,19.181625,0.0,GNB4903,1,true,0.0,0.0,-1.0,0.0,0.0,0.0
594,237.99758330000003,19.137675,0.0,GNB4904,1,true,0.0,0.0,-1.0,0.0,0.0,0.0
595,237.9971667,19.193,0.0,GNB4914,1,true,0.0,0.0,-1.0,0.0,0.0,0.0
596,237.992,19.2072778,0.0,GNB4950,1,true,0.0,0.0,-1.0,0.0,0.0,0.0
597,237.9912083,19.1693111,0.0,GNB4982,1,true,0.0,0.0,-1.0,0.0,0.0,0.0
598,237.9911667,19.1871361,0.0,GNB4984,1,true,0.0,0.0,-1.0,0.0,0.0,0.0
599,237.9147917,19.181280599999997,0.0,GNB5,1,true,0.0,0.0,-1.0,0.0,0.0,0.0
600,237.9950833,19.1909889,0.0,GNB5018,1,true,0.0,0.0,-1.0,0.0,0.0,0.0
601,237.9905417,19.2076278,0.0,GNB5024,1,true,0.0,0.0,-1.0,0.0,0.0,0.0
602,237.9949583,19.1358278,0.0,GNB5031,1,true,0.0,0.0,-1.0,0.0,0.0,0.0
603,237.9220417,19.2170167,0.0,GNB510,1,true,0.0,0.0,-1.0,0.0,0.0,0.0
604,237.9907083,19.2001,0.0,GNB5108,1,true,0.0,0.0,-1.0,0.0,0.0,0.0
605,237.9915,19.2000972,0.0,GNB5120,1,true,0.0,0.0,-1.0,0.0,0.0,0.0
606,237.92325,19.1721222,0.0,GNB514,1,true,0.0,0.0,-1.0,0.0,0.0,0.0
607,237.9886667,19.2135861,0.0,GNB5144,1,true,0.0,0.0,-1.0,0.0,0.0,0.0
608,237.9905417,19.1764167,0.0,GNB5150,1,true,0.0,0.0,-1.0,0.0,0.0,0.0
609,237.99075,19.1625333,0.0,GNB5151,1,true,0.0,0.0,-1.0,0.0,0.0,0.0
610,237.99208330000002,19.1469389,0.0,GNB5165,1,true,0.0,0.0,-1.0,0.0,0.0,0.0
611,237.9905833,19.1949944,0.0,GNB5222,1,true,0.0,0.0,-1.0,0.0,0.0,0.0
612,237.9895417,19.149288900000002,0.0,GNB5233,1,true,0.0,0.0,-1.0,0.0,0.0,0.0
613,237.9948333,19.1923472,0.0,GNB5234,1,true,0.0,0.0,-1.0,0.0,0.0,0.0
614,237.98891669999998,19.1533389,0.0,GNB5255,1,true,0.0,0.0,-1.0,0.0,0.0,0.0
615,237.923,19.1473056,0.0,GNB534,1,true,0.0,0.0,-1.0,0.0,0.0,0.0
616,237.987875,19.1365361,0.0,GNB5359,1,true,0.0,0.0,-1.0,0.0,0.0,0.0
617,237.98591669999996,19.2121694,0.0,GNB5368,1,true,0.0,0.0,-1.0,0.0,0.0,0.0
618,237.98554170000003,19.181122199999997,0.0,GNB5383,1,true,0.0,0.0,-1.0,0.0,0.0,0.0
619,237.986375,19.1520972,0.0,GNB5400,1,true,0.0,0.0,-1.0,0.0,0.0,0.0
620,237.9229167,19.1690222,0.0,GNB542,1,true,0.0,0.0,-1.0,0.0,0.0,0.0
621,237.9234583,19.1661528,0.0,GNB543,1,true,0.0,0.0,-1.0,0.0,0.0,0.0
622,237.984875,19.2116333,0.0,GNB5446,1,true,0.0,0.0,-1.0,0.0,0.0,0.0
623,237.9758333,19.1928306,0.0,GNB5476,1,true,0.0,0.0,-1.0,0.0,0.0,0.0
624,237.9832917,19.1646778,0.0,GNB5495,1,true,0.0,0.0,-1.0,0.0,0.0,0.0
625,237.9759583,19.164975,0.0,GNB5515,1,true,0.0,0.0,-1.0,0.0,0.0,0.0
626,237.98162499999998,19.181013899999996,0.0,GNB5517,1,true,0.0,0.0,-1.0,0.0,0.0,0.0
627,237.9237083,19.1726667,0.0,GNB552,1,true,0.0,0.0,-1.0,0.0,0.0,0.0
628,237.9827917,19.2203167,0.0,GNB5528,1,true,0.0,0.0,-1.0,0.0,0.0,0.0
629,237.98070830000003,19.2159417,0.0,GNB5562,1,true,0.0,0.0,-1.0,0.0,0.0,0.0
630,237.9784167,19.1427528,0.0,GNB5570,1,true,0.0,0.0,-1.0,0.0,0.0,0.0
631,237.9797917,19.1950167,0.0,GNB5575,1,true,0.0,0.0,-1.0,0.0,0.0,0.0
632,237.980125,19.1790667,0.0,GNB5579,1,true,0.0,0.0,-1.0,0.0,0.0,0.0
633,237.98,19.1923028,0.0,GNB5588,1,true,0.0,0.0,-1.0,0.0,0.0,0.0
634,237.98275,19.1412667,0.0,GNB5599,1,true,0.0,0.0,-1.0,0.0,0.0,0.0
635,237.98025,19.21655,0.0,GNB5611,1,true,0.0,0.0,-1.0,0.0,0.0,0.0
636,237.98037499999998,19.143361100000003,0.0,GNB5623,1,true,0.0,0.0,-1.0,0.0,0.0,0.0
637,237.98108329999997,19.1429278,0.0,GNB5652,1,true,0.0,0.0,-1.0,0.0,0.0,0.0
638,237.97645830000002,19.220825,0.0,GNB5661,1,true,0.0,0.0,-1.0,0.0,0.0,0.0
639,237.979,19.1543222,0.0,GNB5720,1,true,0.0,0.0,-1.0,0.0,0.0,0.0
640,237.9786667,19.2166,0.0,GNB5731,1,true,0.0,0.0,-1.0,0.0,0.0,0.0
641,237.9788333,19.22055,0.0,GNB5736,1,true,0.0,0.0,-1.0,0.0,0.0,0.0
642,237.9789167,19.219744400000003,0.0,GNB5740,1,true,0.0,0.0,-1.0,0.0,0.0,0.0
643,237.9743333,19.219497200000003,0.0,GNB5745,1,true,0.0,0.0,-1.0,0.0,0.0,0.0
644,237.9755,19.1500167,0.0,GNB5771,1,true,0.0,0.0,-1.0,0.0,0.0,0.0
645,238.0364583,19.1458389,0.0,GNB5821,1,true,0.0,0.0,-1.0,0.0,0.0,0.0
646,237.9761667,19.2176028,0.0,GNB5837,1,true,0.0,0.0,-1.0,0.0,0.0,0.0
647,237.9760417,19.2180556,0.0,GNB5845,1,true,0.0,0.0,-1.0,0.0,0.0,0.0
648,238.0335833,19.2050667,0.0,GNB5848,1,true,0.0,0.0,-1.0,0.0,0.0,0.0
649,237.97575000000003,19.2172556,0.0,GNB5852,1,true,0.0,0.0,-1.0,0.0,0.0,0.0
650,238.03525000000002,19.200358300000005,0.0,GNB5871,1,true,0.0,0.0,-1.0,0.0,0.0,0.0
651,237.9758333,19.147325,0.0,GNB5879,1,true,0.0,0.0,-1.0,0.0,0.0,0.0
652,237.9755,19.2009556,0.0,GNB5890,1,true,0.0,0.0,-1.0,0.0,0.0,0.0
653,237.9746667,19.148813899999997,0.0,GNB5899,1,true,0.0,0.0,-1.0,0.0,0.0,0.0
654,237.97524999999996,19.1740889,0.0,GNB5900,1,true,0.0,0.0,-1.0,0.0,0.0,0.0
655,237.9749167,19.1732472,0.0,GNB5932,1,true,0.0,0.0,-1.0,0.0,0.0,0.0
656,237.92462500000002,19.1781917,0.0,GNB597,1,true,0.0,0.0,-1.0,0.0,0.0,0.0
657,237.925,19.2134278,0.0,GNB625,1,true,0.0,0.0,-1.0,0.0,0.0,0.0
658,237.9253333,19.206830600000004,0.0,GNB633,1,true,0.0,0.0,-1.0,0.0,0.0,0.0
659,237.926,19.1950722,0.0,GNB660,1,true,0.0,0.0,-1.0,0.0,0.0,0.0
660,237.92675000000003,19.1771556,0.0,GNB670,1,true,0.0,0.0,-1.0,0.0,0.0,0.0
661,237.9275417,19.2168583,0.0,GNB717,1,true,0.0,0.0,-1.0,0.0,0.0,0.0
662,237.9278333,19.2209944,0.0,GNB724,1,true,0.0,0.0,-1.0,0.0,0.0,0.0
663,237.9274583,19.2103556,0.0,GNB730,1,true,0.0,0.0,-1.0,0.0,0.0,0.0
664,237.92825,19.185555599999997,0.0,GNB741,1,true,0.0,0.0,-1.0,0.0,0.0,0.0
665,237.9287917,19.2093111,0.0,GNB759,1,true,0.0,0.0,-1.0,0.0,0.0,0.0
666,237.9295,19.161519400000003,0.0,GNB762,1,true,0.0,0.0,-1.0,0.0,0.0,0.0
667,237.9280833,19.1735083,0.0,GNB764,1,true,0.0,0.0,-1.0,0.0,0.0,0.0
668,237.933125,19.1943472,0.0,GNB822,1,true,0.0,0.0,-1.0,0.0,0.0,0.0
669,237.9302083,19.2001556,0.0,GNB833,1,true,0.0,0.0,-1.0,0.0,0.0,0.0
670,237.9307083,19.1959694,0.0,GNB882,1,true,0.0,0.0,-1.0,0.0,0.0,0.0
671,237.9323333,19.1398111,0.0,GNB907,1,true,0.0,0.0,-1.0,0.0,0.0,0.0
672,237.9330833,19.2053861,0.0,GNB949,1,true,0.0,0.0,-1.0,0.0,0.0,0.0
673,237.9330417,19.2210111,0.0,GNB959,1,true,0.0,0.0,-1.0,0.0,0.0,0.0
674,237.9345,19.1995111,0.0,GNB978,1,true,0.0,0.0,-1.0,0.0,0.0,0.0
675,237.9148333,19.218477800000002,0.0,GNB181,1,true,0.0,0.0,-1.0,0.0,0.0,0.0
676,237.9126667,19.2076667,0.0,GNB67,1,true,0.0,0.0,-1.0,0.0,0.0,0.0
677,237.9344583,19.2059083,0.0,GNB995,20,true,0.0,0.0,-1.0,0.0,0.0,0.0
678,237.9241625,19.201475,0.0,BX19,20,true,0.0,0.0,-1.0,0.0,0.0,0.0
679,237.940375,19.1980583,0.0,GNB1300b,20,true,0.0,0.0,-1.0,0.0,0.0,0.0
680,238.0215833,19.2014167,0.0,GNB3796a,20,true,0.0,0.0,-1.0,0.0,0.0,0.0
681,238.0215833,19.2014167,0.0,GNB3796b,20,true,0.0,0.0,-1.0,0.0,0.0,0.0
682,237.9350417,19.145575,0.0,NB1569,20,true,0.0,0.0,-1.0,0.0,0.0,0.0
683,237.9135833,19.1946639,0.0,NB385,20,true,0.0,0.0,-1.0,0.0,0.0,0.0
684,238.0360417,19.1999611,0.0,NB6087,20,true,0.0,0.0,-1.0,0.0,0.0,0.0
685,238.0195,19.1949806,0.0,NB7180,20,true,0.0,0.0,-1.0,0.0,0.0,0.0
686,237.8184542,18.9854358,0.0,LAE869,1,true,0.0,0.0,-1.0,0.0,0.0,0.0
687,238.1224417,18.9855694,0.0,LAE871,1,true,0.0,0.0,-1.0,0.0,0.0,0.0
688,238.0980417,18.9853289,0.0,LAE872,1,true,0.0,0.0,-1.0,0.0,0.0,0.0
689,237.8699542,18.985688300000003,0.0,LAE876,1,true,0.0,0.0,-1.0,0.0,0.0,0.0
690,238.1654125,18.989965,0.0,LAE884,1,true,0.0,0.0,-1.0,0.0,0.0,0.0
691,238.179775,18.9896628,0.0,LAE887,1,true,0.0,0.0,-1.0,0.0,0.0,0.0
692,238.0258958,18.9913511,0.0,LAE891,1,true,0.0,0.0,-1.0,0.0,0.0,0.0
693,237.8053125,18.9922703,0.0,LAE892,1,true,0.0,0.0,-1.0,0.0,0.0,0.0
694,237.9138917,18.9933689,0.0,LAE895,1,true,0.0,0.0,-1.0,0.0,0.0,0.0
695,237.9360083,18.9948939,0.0,LAE902,1,true,0.0,0.0,-1.0,0.0,0.0,0.0
696,237.853425,18.9946817,0.0,LAE904,1,true,0.0,0.0,-1.0,0.0,0.0,0.0
697,237.935625,18.9953492,0.0,LAE905,1,true,0.0,0.0,-1.0,0.0,0.0,0.0
698,237.7919958,18.9964025,0.0,LAE910,1,true,0.0,0.0,-1.0,0.0,0.0,0.0
699,237.7450125,18.9964578,0.0,LAE912,1,true,0.0,0.0,-1.0,0.0,0.0,0.0
700,238.02420420000004,18.9971061,0.0,LAE915,1,true,0.0,0.0,-1.0,0.0,0.0,0.0
701,237.789275,18.997428899999996,0.0,LAE916,1,true,0.0,0.0,-1.0,0.0,0.0,0.0
702,237.8902,19.0002506,0.0,LAE919,1,true,0.0,0.0,-1.0,0.0,0.0,0.0
703,237.7748917,19.0002547,0.0,LAE921,1,true,0.0,0.0,-1.0,0.0,0.0,0.0
704,238.0138,19.0061944,0.0,LAE932,1,true,0.0,0.0,-1.0,0.0,0.0,0.0
705,237.9011125,19.0079364,0.0,LAE934,1,true,0.0,0.0,-1.0,0.0,0.0,0.0
706,238.0425917,19.0105569,0.0,LAE939,1,true,0.0,0.0,-1.0,0.0,0.0,0.0
707,237.9993583,19.012361900000002,0.0,LAE940,1,true,0.0,0.0,-1.0,0.0,0.0,0.0
708,238.0810292,19.0125914,0.0,LAE941,1,true,0.0,0.0,-1.0,0.0,0.0,0.0
709,238.0829125,19.0127486,0.0,LAE942,1,true,0.0,0.0,-1.0,0.0,0.0,0.0
710,238.0886708,19.0125689,0.0,LAE943,1,true,0.0,0.0,-1.0,0.0,0.0,0.0
711,237.82297080000004,19.0129261,0.0,LAE947,1,true,0.0,0.0,-1.0,0.0,0.0,0.0
712,237.8825542,19.0138444,0.0,LAE948,1,true,0.0,0.0,-1.0,0.0,0.0,0.0
713,238.0474375,19.0135717,0.0,LAE949,1,true,0.0,0.0,-1.0,0.0,0.0,0.0
714,237.87243749999996,19.014725800000004,0.0,LAE950,1,true,0.0,0.0,-1.0,0.0,0.0,0.0
715,237.8308875,19.0149433,0.0,LAE951,1,true,0.0,0.0,-1.0,0.0,0.0,0.0
716,237.7990958,19.0149778,0.0,LAE952,1,true,0.0,0.0,-1.0,0.0,0.0,0.0
717,238.1128333,19.0203178,0.0,LAE963,1,true,0.0,0.0,-1.0,0.0,0.0,0.0
718,237.7930833,19.0209689,0.0,LAE965,1,true,0.0,0.0,-1.0,0.0,0.0,0.0
719,237.75551250000004,19.0237772,0.0,LAE969,1,true,0.0,0.0,-1.0,0.0,0.0,0.0
720,237.8061417,19.0238103,0.0,LAE970,1,true,0.0,0.0,-1.0,0.0,0.0,0.0
721,238.1342083,19.0240906,0.0,LAE974,1,true,0.0,0.0,-1.0,0.0,0.0,0.0
722,237.8688542,19.0254478,0.0,LAE975,1,true,0.0,0.0,-1.0,0.0,0.0,0.0
723,237.798525,19.026971700000004,0.0,LAE979,1,true,0.0,0.0,-1.0,0.0,0.0,0.0
724,238.090375,19.028719999999996,0.0,LAE984,1,true,0.0,0.0,-1.0,0.0,0.0,0.0
725,237.8652917,19.0297669,0.0,LAE987,1,true,0.0,0.0,-1.0,0.0,0.0,0.0
726,237.74859169999996,19.03145,0.0,LAE992,1,true,0.0,0.0,-1.0,0.0,0.0,0.0
727,237.8828167,19.0303417,0.0,LAE995,1,true,0.0,0.0,-1.0,0.0,0.0,0.0
728,238.0475792,19.0322442,0.0,LAE997,1,true,0.0,0.0,-1.0,0.0,0.0,0.0
729,238.0023875,19.0332103,0.0,LAE999,1,true,0.0,0.0,-1.0,0.0,0.0,0.0
730,237.8011,19.0335769,0.0,LAE1001,1,true,0.0,0.0,-1.0,0.0,0.0,0.0
731,237.7904125,19.0343828,0.0,LAE1003,1,true,0.0,0.0,-1.0,0.0,0.0,0.0
732,238.091675,19.0345225,0.0,LAE1004,1,true,0.0,0.0,-1.0,0.0,0.0,0.0
733,237.957825,19.0373208,0.0,LAE1006,1,true,0.0,0.0,-1.0,0.0,0.0,0.0
734,237.8116792,19.038972500000003,0.0,LAE1010,1,true,0.0,0.0,-1.0,0.0,0.0,0.0
735,238.0820583,19.0388303,0.0,LAE1013,1,true,0.0,0.0,-1.0,0.0,0.0,0.0
736,238.0898917,19.0398256,0.0,LAE1015,1,true,0.0,0.0,-1.0,0.0,0.0,0.0
737,237.7987083,19.0412336,0.0,LAE1022,1,true,0.0,0.0,-1.0,0.0,0.0,0.0
738,237.9131167,19.041928899999995,0.0,LAE1028,1,true,0.0,0.0,-1.0,0.0,0.0,0.0
739,237.86242919999998,19.0432903,0.0,LAE1034,1,true,0.0,0.0,-1.0,0.0,0.0,0.0
740,238.11316250000002,19.0434286,0.0,LAE1039,1,true,0.0,0.0,-1.0,0.0,0.0,0.0
741,237.8136333,19.043136899999997,0.0,LAE1041,1,true,0.0,0.0,-1.0,0.0,0.0,0.0
742,238.009175,19.0434928,0.0,LAE1045,1,true,0.0,0.0,-1.0,0.0,0.0,0.0
743,238.1632625,19.0465194,0.0,LAE1048,1,true,0.0,0.0,-1.0,0.0,0.0,0.0
744,237.8618917,19.0476431,0.0,LAE1051,1,true,0.0,0.0,-1.0,0.0,0.0,0.0
745,237.922425,19.0496022,0.0,LAE1054,1,true,0.0,0.0,-1.0,0.0,0.0,0.0
746,238.1533958,19.0503933,0.0,LAE1057,1,true,0.0,0.0,-1.0,0.0,0.0,0.0
747,238.1684667,19.053296099999997,0.0,LAE1061,1,true,0.0,0.0,-1.0,0.0,0.0,0.0
748,237.7615625,19.0535856,0.0,LAE1062,1,true,0.0,0.0,-1.0,0.0,0.0,0.0
749,237.9771417,19.0539353,0.0,LAE1063,1,true,0.0,0.0,-1.0,0.0,0.0,0.0
750,238.1787042,19.0540244,0.0,LAE1064,1,true,0.0,0.0,-1.0,0.0,0.0,0.0
751,237.79565,19.0568439,0.0,LAE1069,1,true,0.0,0.0,-1.0,0.0,0.0,0.0
752,237.882275,19.0574403,0.0,LAE1070,1,true,0.0,0.0,-1.0,0.0,0.0,0.0
753,237.9603708,19.0578678,0.0,LAE1071,1,true,0.0,0.0,-1.0,0.0,0.0,0.0
754,237.7808458,19.057441099999995,0.0,LAE1074,1,true,0.0,0.0,-1.0,0.0,0.0,0.0
755,238.1522875,19.0591428,0.0,LAE1076,1,true,0.0,0.0,-1.0,0.0,0.0,0.0
756,238.05045,19.0589642,0.0,LAE1078,1,true,0.0,0.0,-1.0,0.0,0.0,0.0
757,237.8159583,19.0617467,0.0,LAE1085,1,true,0.0,0.0,-1.0,0.0,0.0,0.0
758,237.8112792,19.0626881,0.0,LAE1088,1,true,0.0,0.0,-1.0,0.0,0.0,0.0
759,238.0347458,19.0633978,0.0,LAE1090,1,true,0.0,0.0,-1.0,0.0,0.0,0.0
760,237.9056333,19.063687499999997,0.0,LAE1093,1,true,0.0,0.0,-1.0,0.0,0.0,0.0
761,237.8060375,19.0648358,0.0,LAE1095,1,true,0.0,0.0,-1.0,0.0,0.0,0.0
762,237.9013542,19.0655806,0.0,LAE1096,1,true,0.0,0.0,-1.0,0.0,0.0,0.0
763,237.768675,19.0656811,0.0,LAE1099,1,true,0.0,0.0,-1.0,0.0,0.0,0.0
764,237.9896208,19.0669856,0.0,LAE1100,1,true,0.0,0.0,-1.0,0.0,0.0,0.0
765,237.83823749999996,19.0667939,0.0,LAE1102,1,true,0.0,0.0,-1.0,0.0,0.0,0.0
766,237.84303330000003,19.0678044,0.0,LAE1104,1,true,0.0,0.0,-1.0,0.0,0.0,0.0
767,237.7586417,19.0684281,0.0,LAE1107,1,true,0.0,0.0,-1.0,0.0,0.0,0.0
768,238.06047919999997,19.0687067,0.0,LAE1108,1,true,0.0,0.0,-1.0,0.0,0.0,0.0
769,237.8167958,19.0678772,0.0,LAE1109,1,true,0.0,0.0,-1.0,0.0,0.0,0.0
770,237.8227208,19.0704886,0.0,LAE1114,1,true,0.0,0.0,-1.0,0.0,0.0,0.0
771,237.903375,19.06949,0.0,LAE1117,1,true,0.0,0.0,-1.0,0.0,0.0,0.0
772,237.9651125,19.0711164,0.0,LAE1118,1,true,0.0,0.0,-1.0,0.0,0.0,0.0
773,238.0379417,19.0722922,0.0,LAE1125,1,true,0.0,0.0,-1.0,0.0,0.0,0.0
774,237.98457499999998,19.0741669,0.0,LAE1126,1,true,0.0,0.0,-1.0,0.0,0.0,0.0
775,237.9720375,19.0751819,0.0,LAE1130,1,true,0.0,0.0,-1.0,0.0,0.0,0.0
776,237.7502125,19.0739628,0.0,LAE1132,1,true,0.0,0.0,-1.0,0.0,0.0,0.0
777,237.81791670000004,19.0754894,0.0,LAE1136,1,true,0.0,0.0,-1.0,0.0,0.0,0.0
778,238.0759333,19.0762428,0.0,LAE1138,1,true,0.0,0.0,-1.0,0.0,0.0,0.0
779,238.0499708,19.0764839,0.0,LAE1141,1,true,0.0,0.0,-1.0,0.0,0.0,0.0
780,237.829975,19.0766269,0.0,LAE1142,1,true,0.0,0.0,-1.0,0.0,0.0,0.0
781,238.0459958,19.080628900000004,0.0,LAE1152,1,true,0.0,0.0,-1.0,0.0,0.0,0.0
782,237.895725,19.0807944,0.0,LAE1155,1,true,0.0,0.0,-1.0,0.0,0.0,0.0
783,237.7666,19.0829956,0.0,LAE1157,1,true,0.0,0.0,-1.0,0.0,0.0,0.0
784,237.7880083,19.083765,0.0,LAE1160,1,true,0.0,0.0,-1.0,0.0,0.0,0.0
785,237.9587,19.0851153,0.0,LAE1167,1,true,0.0,0.0,-1.0,0.0,0.0,0.0
786,238.1018875,19.0875758,0.0,LAE1172,1,true,0.0,0.0,-1.0,0.0,0.0,0.0
787,237.7459958,19.0869353,0.0,LAE1175,1,true,0.0,0.0,-1.0,0.0,0.0,0.0
788,237.7582917,19.088441400000004,0.0,LAE1180,1,true,0.0,0.0,-1.0,0.0,0.0,0.0
789,237.83446250000003,19.0896308,0.0,LAE1181,1,true,0.0,0.0,-1.0,0.0,0.0,0.0
790,238.124,19.0903453,0.0,LAE1185,1,true,0.0,0.0,-1.0,0.0,0.0,0.0
791,238.1316167,19.0917033,0.0,LAE1189,1,true,0.0,0.0,-1.0,0.0,0.0,0.0
792,238.1372083,19.0925789,0.0,LAE1195,1,true,0.0,0.0,-1.0,0.0,0.0,0.0
793,237.7833333,19.0932356,0.0,LAE1199,1,true,0.0,0.0,-1.0,0.0,0.0,0.0
794,237.8117208,19.0942019,0.0,LAE1203,1,true,0.0,0.0,-1.0,0.0,0.0,0.0
795,238.0026625,19.0947383,0.0,LAE1205,1,true,0.0,0.0,-1.0,0.0,0.0,0.0
796,238.1502083,19.0940903,0.0,LAE1206,1,true,0.0,0.0,-1.0,0.0,0.0,0.0
797,238.1226417,19.0944417,0.0,LAE1207,1,true,0.0,0.0,-1.0,0.0,0.0,0.0
798,237.8221542,19.0947106,0.0,LAE1208,1,true,0.0,0.0,-1.0,0.0,0.0,0.0
799,237.8791917,19.0955042,0.0,LAE1209,1,true,0.0,0.0,-1.0,0.0,0.0,0.0
800,237.8228417,19.096340600000005,0.0,LAE1211,1,true,0.0,0.0,-1.0,0.0,0.0,0.0
801,237.9642875,19.0954889,0.0,LAE1212,1,true,0.0,0.0,-1.0,0.0,0.0,0.0
802,238.0697625,19.0962753,0.0,LAE1213,1,true,0.0,0.0,-1.0,0.0,0.0,0.0
803,237.89755,19.0970758,0.0,LAE1215,1,true,0.0,0.0,-1.0,0.0,0.0,0.0
804,238.01685,19.0975558,0.0,LAE1216,1,true,0.0,0.0,-1.0,0.0,0.0,0.0
805,237.8488167,19.0986258,0.0,LAE1220,1,true,0.0,0.0,-1.0,0.0,0.0,0.0
806,237.9897292,19.0976044,0.0,LAE1221,1,true,0.0,0.0,-1.0,0.0,0.0,0.0
807,237.9978375,19.0992142,0.0,LAE1222,1,true,0.0,0.0,-1.0,0.0,0.0,0.0
808,237.9643292,19.0993978,0.0,LAE1223,1,true,0.0,0.0,-1.0,0.0,0.0,0.0
809,238.114775,19.0986825,0.0,LAE1224,1,true,0.0,0.0,-1.0,0.0,0.0,0.0
810,238.06163750000002,19.0996206,0.0,LAE1227,1,true,0.0,0.0,-1.0,0.0,0.0,0.0
811,238.1144917,19.0980817,0.0,LAE1228,1,true,0.0,0.0,-1.0,0.0,0.0,0.0
812,238.0046208,19.0999939,0.0,LAE1229,1,true,0.0,0.0,-1.0,0.0,0.0,0.0
813,237.90994579999997,19.1006464,0.0,LAE1233,1,true,0.0,0.0,-1.0,0.0,0.0,0.0
814,237.9835583,19.101465,0.0,LAE1237,1,true,0.0,0.0,-1.0,0.0,0.0,0.0
815,237.8000833,19.1025192,0.0,LAE1241,1,true,0.0,0.0,-1.0,0.0,0.0,0.0
816,238.1385208,19.1026486,0.0,LAE1242,1,true,0.0,0.0,-1.0,0.0,0.0,0.0
817,237.9235917,19.1027811,0.0,LAE1243,1,true,0.0,0.0,-1.0,0.0,0.0,0.0
818,237.8431792,19.1032606,0.0,LAE1245,1,true,0.0,0.0,-1.0,0.0,0.0,0.0
819,237.9098708,19.1042108,0.0,LAE1246,1,true,0.0,0.0,-1.0,0.0,0.0,0.0
820,237.9738583,19.1034542,0.0,LAE1247,1,true,0.0,0.0,-1.0,0.0,0.0,0.0
821,237.7753542,19.1050225,0.0,LAE1251,1,true,0.0,0.0,-1.0,0.0,0.0,0.0
822,237.9833583,19.1027389,0.0,LAE1252,1,true,0.0,0.0,-1.0,0.0,0.0,0.0
823,237.9875958,19.1049847,0.0,LAE1253,1,true,0.0,0.0,-1.0,0.0,0.0,0.0
824,238.13860419999997,19.1060603,0.0,LAE1257,1,true,0.0,0.0,-1.0,0.0,0.0,0.0
825,238.0185208,19.10678,0.0,LAE1260,1,true,0.0,0.0,-1.0,0.0,0.0,0.0
826,238.1513958,19.1067817,0.0,LAE1261,1,true,0.0,0.0,-1.0,0.0,0.0,0.0
827,238.0438917,19.1076769,0.0,LAE1263,1,true,0.0,0.0,-1.0,0.0,0.0,0.0
828,237.81697500000004,19.1082892,0.0,LAE1266,1,true,0.0,0.0,-1.0,0.0,0.0,0.0
829,237.7836167,19.1079472,0.0,LAE1267,1,true,0.0,0.0,-1.0,0.0,0.0,0.0
830,237.7550542,19.1082336,0.0,LAE1277,1,true,0.0,0.0,-1.0,0.0,0.0,0.0
831,238.0273208,19.1112831,0.0,LAE1281,1,true,0.0,0.0,-1.0,0.0,0.0,0.0
832,237.895025,19.111790299999996,0.0,LAE1282,1,true,0.0,0.0,-1.0,0.0,0.0,0.0
833,237.742675,19.1130253,0.0,LAE1285,1,true,0.0,0.0,-1.0,0.0,0.0,0.0
834,238.1753708,19.1123814,0.0,LAE1286,1,true,0.0,0.0,-1.0,0.0,0.0,0.0
835,237.9296375,19.1130831,0.0,LAE1288,1,true,0.0,0.0,-1.0,0.0,0.0,0.0
836,237.7405458,19.113095600000005,0.0,LAE1290,1,true,0.0,0.0,-1.0,0.0,0.0,0.0
837,237.8017042,19.113891900000002,0.0,LAE1291,1,true,0.0,0.0,-1.0,0.0,0.0,0.0
838,237.8797125,19.1141133,0.0,LAE1292,1,true,0.0,0.0,-1.0,0.0,0.0,0.0
839,237.83750829999997,19.115067499999995,0.0,LAE1294,1,true,0.0,0.0,-1.0,0.0,0.0,0.0
840,237.9375917,19.1159336,0.0,LAE1296,1,true,0.0,0.0,-1.0,0.0,0.0,0.0
841,237.974375,19.1158092,0.0,LAE1299,1,true,0.0,0.0,-1.0,0.0,0.0,0.0
842,238.05403749999996,19.1165072,0.0,LAE1301,1,true,0.0,0.0,-1.0,0.0,0.0,0.0
843,237.8914958,19.1165192,0.0,LAE1302,1,true,0.0,0.0,-1.0,0.0,0.0,0.0
844,237.78072079999998,19.117537799999997,0.0,LAE1305,1,true,0.0,0.0,-1.0,0.0,0.0,0.0
845,237.7456458,19.116806700000005,0.0,LAE1306,1,true,0.0,0.0,-1.0,0.0,0.0,0.0
846,237.933,19.1178914,0.0,LAE1308,1,true,0.0,0.0,-1.0,0.0,0.0,0.0
847,237.9483333,19.1177153,0.0,LAE1309,1,true,0.0,0.0,-1.0,0.0,0.0,0.0
848,237.787325,19.119418299999996,0.0,LAE1318,1,true,0.0,0.0,-1.0,0.0,0.0,0.0
849,237.9541292,19.1208175,0.0,LAE1327,1,true,0.0,0.0,-1.0,0.0,0.0,0.0
850,237.7874167,19.1209197,0.0,LAE1329,1,true,0.0,0.0,-1.0,0.0,0.0,0.0
851,237.9665875,19.1229619,0.0,LAE1331,1,true,0.0,0.0,-1.0,0.0,0.0,0.0
852,238.0103792,19.1234247,0.0,LAE1332,1,true,0.0,0.0,-1.0,0.0,0.0,0.0
853,237.9486208,19.1235297,0.0,LAE1335,1,true,0.0,0.0,-1.0,0.0,0.0,0.0
854,238.1379542,19.1227147,0.0,LAE1336,1,true,0.0,0.0,-1.0,0.0,0.0,0.0
855,237.7498292,19.1241581,0.0,LAE1338,1,true,0.0,0.0,-1.0,0.0,0.0,0.0
856,237.9588083,19.1253647,0.0,LAE1339,1,true,0.0,0.0,-1.0,0.0,0.0,0.0
857,237.9689042,19.124655,0.0,LAE1340,1,true,0.0,0.0,-1.0,0.0,0.0,0.0
858,237.9422083,19.125532500000002,0.0,LAE1342,1,true,0.0,0.0,-1.0,0.0,0.0,0.0
859,238.1629333,19.125903299999997,0.0,LAE1343,1,true,0.0,0.0,-1.0,0.0,0.0,0.0
860,238.1093958,19.1266897,0.0,LAE1345,1,true,0.0,0.0,-1.0,0.0,0.0,0.0
861,237.969375,19.1268047,0.0,LAE1349,1,true,0.0,0.0,-1.0,0.0,0.0,0.0
862,237.8794625,19.1279578,0.0,LAE1353,1,true,0.0,0.0,-1.0,0.0,0.0,0.0
863,237.87535,19.1286939,0.0,LAE1358,1,true,0.0,0.0,-1.0,0.0,0.0,0.0
864,238.1215875,19.128395,0.0,LAE1359,1,true,0.0,0.0,-1.0,0.0,0.0,0.0
865,237.9712792,19.1295622,0.0,LAE1367,1,true,0.0,0.0,-1.0,0.0,0.0,0.0
866,237.9726333,19.1293428,0.0,LAE1369,1,true,0.0,0.0,-1.0,0.0,0.0,0.0
867,238.0782208,19.1297025,0.0,LAE1372,1,true,0.0,0.0,-1.0,0.0,0.0,0.0
868,238.0537375,19.1322417,0.0,LAE1376,1,true,0.0,0.0,-1.0,0.0,0.0,0.0
869,237.7761458,19.1321136,0.0,LAE1379,1,true,0.0,0.0,-1.0,0.0,0.0,0.0
870,237.7697667,19.1324069,0.0,LAE1381,1,true,0.0,0.0,-1.0,0.0,0.0,0.0
871,237.7489292,19.134166900000004,0.0,LAE1384,1,true,0.0,0.0,-1.0,0.0,0.0,0.0
872,237.9329958,19.1336261,0.0,LAE1388,1,true,0.0,0.0,-1.0,0.0,0.0,0.0
873,238.0504167,19.1344417,0.0,LAE1389,1,true,0.0,0.0,-1.0,0.0,0.0,0.0
874,238.0596208,19.1343864,0.0,LAE1390,1,true,0.0,0.0,-1.0,0.0,0.0,0.0
875,237.8915,19.136782800000002,0.0,LAE1393,1,true,0.0,0.0,-1.0,0.0,0.0,0.0
876,238.1734792,19.1363647,0.0,LAE1394,1,true,0.0,0.0,-1.0,0.0,0.0,0.0
877,238.1296125,19.1381761,0.0,LAE1397,1,true,0.0,0.0,-1.0,0.0,0.0,0.0
878,237.85935,19.140363599999997,0.0,LAE1408,1,true,0.0,0.0,-1.0,0.0,0.0,0.0
879,237.8519917,19.1400781,0.0,LAE1409,1,true,0.0,0.0,-1.0,0.0,0.0,0.0
880,237.8885917,19.14022,0.0,LAE1411,1,true,0.0,0.0,-1.0,0.0,0.0,0.0
881,238.0638375,19.1405367,0.0,LAE1413,1,true,0.0,0.0,-1.0,0.0,0.0,0.0
882,237.76105419999996,19.1418197,0.0,LAE1417,1,true,0.0,0.0,-1.0,0.0,0.0,0.0
883,238.0700625,19.1426133,0.0,LAE1419,1,true,0.0,0.0,-1.0,0.0,0.0,0.0
884,238.09115,19.143593299999996,0.0,LAE1420,1,true,0.0,0.0,-1.0,0.0,0.0,0.0
885,238.0915125,19.1434439,0.0,LAE1422,1,true,0.0,0.0,-1.0,0.0,0.0,0.0
886,237.76815,19.1437175,0.0,LAE1424,1,true,0.0,0.0,-1.0,0.0,0.0,0.0
887,237.8268333,19.1442947,0.0,LAE1425,1,true,0.0,0.0,-1.0,0.0,0.0,0.0
888,238.0607083,19.1403914,0.0,LAE1426,1,true,0.0,0.0,-1.0,0.0,0.0,0.0
889,237.827875,19.1439914,0.0,LAE1427,1,true,0.0,0.0,-1.0,0.0,0.0,0.0
890,237.768825,19.1448392,0.0,LAE1430,1,true,0.0,0.0,-1.0,0.0,0.0,0.0
891,237.8318375,19.1458764,0.0,LAE1431,1,true,0.0,0.0,-1.0,0.0,0.0,0.0
892,238.0042708,19.1473167,0.0,LAE1441,1,true,0.0,0.0,-1.0,0.0,0.0,0.0
893,238.1507417,19.1482364,0.0,LAE1450,1,true,0.0,0.0,-1.0,0.0,0.0,0.0
894,238.1138417,19.1503675,0.0,LAE1460,1,true,0.0,0.0,-1.0,0.0,0.0,0.0
895,237.9102917,19.151125,0.0,LAE1461,1,true,0.0,0.0,-1.0,0.0,0.0,0.0
896,237.7551375,19.15245,0.0,LAE1472,1,true,0.0,0.0,-1.0,0.0,0.0,0.0
897,237.8249625,19.1540881,0.0,LAE1473,1,true,0.0,0.0,-1.0,0.0,0.0,0.0
898,237.90751250000002,19.1549006,0.0,LAE1477,1,true,0.0,0.0,-1.0,0.0,0.0,0.0
899,238.0513292,19.1552056,0.0,LAE1478,1,true,0.0,0.0,-1.0,0.0,0.0,0.0
900,237.8493875,19.1544761,0.0,LAE1482,1,true,0.0,0.0,-1.0,0.0,0.0,0.0
901,238.1062125,19.159443899999996,0.0,LAE1499,1,true,0.0,0.0,-1.0,0.0,0.0,0.0
902,238.0692375,19.1596964,0.0,LAE1500,1,true,0.0,0.0,-1.0,0.0,0.0,0.0
903,237.9082208,19.1603019,0.0,LAE1505,1,true,0.0,0.0,-1.0,0.0,0.0,0.0
904,237.7447583,19.1602178,0.0,LAE1507,1,true,0.0,0.0,-1.0,0.0,0.0,0.0
905,237.8658792,19.1603194,0.0,LAE1510,1,true,0.0,0.0,-1.0,0.0,0.0,0.0
906,237.759975,19.1605322,0.0,LAE1511,1,true,0.0,0.0,-1.0,0.0,0.0,0.0
907,237.78676250000004,19.1599742,0.0,LAE1512,1,true,0.0,0.0,-1.0,0.0,0.0,0.0
908,238.0440208,19.1612067,0.0,LAE1517,1,true,0.0,0.0,-1.0,0.0,0.0,0.0
909,237.7533583,19.16167,0.0,LAE1526,1,true,0.0,0.0,-1.0,0.0,0.0,0.0
910,237.8685333,19.1616869,0.0,LAE1528,1,true,0.0,0.0,-1.0,0.0,0.0,0.0
911,238.1660042,19.1624317,0.0,LAE1532,1,true,0.0,0.0,-1.0,0.0,0.0,0.0
912,238.1019667,19.1621583,0.0,LAE1534,1,true,0.0,0.0,-1.0,0.0,0.0,0.0
913,237.9038958,19.1630353,0.0,LAE1536,1,true,0.0,0.0,-1.0,0.0,0.0,0.0
914,237.9065958,19.1632186,0.0,LAE1537,1,true,0.0,0.0,-1.0,0.0,0.0,0.0
915,237.75735,19.1631322,0.0,LAE1538,1,true,0.0,0.0,-1.0,0.0,0.0,0.0
916,237.8924458,19.1635519,0.0,LAE1539,1,true,0.0,0.0,-1.0,0.0,0.0,0.0
917,237.8618625,19.1633883,0.0,LAE1540,1,true,0.0,0.0,-1.0,0.0,0.0,0.0
918,237.8695042,19.16428,0.0,LAE1543,1,true,0.0,0.0,-1.0,0.0,0.0,0.0
919,237.7847458,19.1634422,0.0,LAE1544,1,true,0.0,0.0,-1.0,0.0,0.0,0.0
920,237.7660708,19.1643469,0.0,LAE1548,1,true,0.0,0.0,-1.0,0.0,0.0,0.0
921,237.8314333,19.164547199999998,0.0,LAE1549,1,true,0.0,0.0,-1.0,0.0,0.0,0.0
922,237.8247125,19.1626697,0.0,LAE1550,1,true,0.0,0.0,-1.0,0.0,0.0,0.0
923,237.7704667,19.1642044,0.0,LAE1553,1,true,0.0,0.0,-1.0,0.0,0.0,0.0
924,238.0089125,19.1652208,0.0,LAE1565,1,true,0.0,0.0,-1.0,0.0,0.0,0.0
925,238.07612920000003,19.1676844,0.0,LAE1567,1,true,0.0,0.0,-1.0,0.0,0.0,0.0
926,238.0441625,19.1677478,0.0,LAE1568,1,true,0.0,0.0,-1.0,0.0,0.0,0.0
927,238.0694542,19.161593299999996,0.0,LAE1569,1,true,0.0,0.0,-1.0,0.0,0.0,0.0
928,238.1161,19.167955,0.0,LAE1571,1,true,0.0,0.0,-1.0,0.0,0.0,0.0
929,237.97502080000004,19.1682961,0.0,LAE1576,1,true,0.0,0.0,-1.0,0.0,0.0,0.0
930,237.91103330000004,19.1679428,0.0,LAE1577,1,true,0.0,0.0,-1.0,0.0,0.0,0.0
931,238.0913625,19.1698389,0.0,LAE1583,1,true,0.0,0.0,-1.0,0.0,0.0,0.0
932,237.9245792,19.1712572,0.0,LAE1588,1,true,0.0,0.0,-1.0,0.0,0.0,0.0
933,237.8263167,19.171618099999996,0.0,LAE1589,1,true,0.0,0.0,-1.0,0.0,0.0,0.0
934,237.9233125,19.1720858,0.0,LAE1591,1,true,0.0,0.0,-1.0,0.0,0.0,0.0
935,237.87495,19.1722417,0.0,LAE1592,1,true,0.0,0.0,-1.0,0.0,0.0,0.0
936,237.8447833,19.17251,0.0,LAE1593,1,true,0.0,0.0,-1.0,0.0,0.0,0.0
937,238.00038749999996,19.1713733,0.0,LAE1595,1,true,0.0,0.0,-1.0,0.0,0.0,0.0
938,238.0468167,19.1720736,0.0,LAE1597,1,true,0.0,0.0,-1.0,0.0,0.0,0.0
939,238.1092167,19.1733936,0.0,LAE1600,1,true,0.0,0.0,-1.0,0.0,0.0,0.0
940,237.7607,19.1739597,0.0,LAE1601,1,true,0.0,0.0,-1.0,0.0,0.0,0.0
941,237.8595875,19.173721899999997,0.0,LAE1603,1,true,0.0,0.0,-1.0,0.0,0.0,0.0
942,238.063775,19.1751253,0.0,LAE1609,1,true,0.0,0.0,-1.0,0.0,0.0,0.0
943,238.05467499999997,19.175405,0.0,LAE1610,1,true,0.0,0.0,-1.0,0.0,0.0,0.0
944,237.9615292,19.1761369,0.0,LAE1616,1,true,0.0,0.0,-1.0,0.0,0.0,0.0
945,237.8501292,19.1778733,0.0,LAE1627,1,true,0.0,0.0,-1.0,0.0,0.0,0.0
946,237.9565375,19.1780692,0.0,LAE1629,1,true,0.0,0.0,-1.0,0.0,0.0,0.0
947,237.7962167,19.1766953,0.0,LAE1631,1,true,0.0,0.0,-1.0,0.0,0.0,0.0
948,237.7795542,19.178285300000002,0.0,LAE1635,1,true,0.0,0.0,-1.0,0.0,0.0,0.0
949,238.0369083,19.1794253,0.0,LAE1638,1,true,0.0,0.0,-1.0,0.0,0.0,0.0
950,237.7779833,19.1793747,0.0,LAE1639,1,true,0.0,0.0,-1.0,0.0,0.0,0.0
951,238.0643375,19.1798464,0.0,LAE1642,1,true,0.0,0.0,-1.0,0.0,0.0,0.0
952,238.0587542,19.1802411,0.0,LAE1643,1,true,0.0,0.0,-1.0,0.0,0.0,0.0
953,238.0629208,19.1798031,0.0,LAE1645,1,true,0.0,0.0,-1.0,0.0,0.0,0.0
954,238.064275,19.180222199999996,0.0,LAE1651,1,true,0.0,0.0,-1.0,0.0,0.0,0.0
955,238.0091292,19.1801022,0.0,LAE1653,1,true,0.0,0.0,-1.0,0.0,0.0,0.0
956,237.9577125,19.1814661,0.0,LAE1660,1,true,0.0,0.0,-1.0,0.0,0.0,0.0
957,238.1798042,19.1811825,0.0,LAE1661,1,true,0.0,0.0,-1.0,0.0,0.0,0.0
958,237.7728542,19.1820814,0.0,LAE1662,1,true,0.0,0.0,-1.0,0.0,0.0,0.0
959,238.1755958,19.1826653,0.0,LAE1669,1,true,0.0,0.0,-1.0,0.0,0.0,0.0
960,237.789675,19.1838214,0.0,LAE1674,1,true,0.0,0.0,-1.0,0.0,0.0,0.0
961,238.08559579999996,19.1810581,0.0,LAE1677,1,true,0.0,0.0,-1.0,0.0,0.0,0.0
962,237.9457417,19.1840842,0.0,LAE1681,1,true,0.0,0.0,-1.0,0.0,0.0,0.0
963,237.8032,19.1843958,0.0,LAE1684,1,true,0.0,0.0,-1.0,0.0,0.0,0.0
964,237.8556292,19.1840097,0.0,LAE1688,1,true,0.0,0.0,-1.0,0.0,0.0,0.0
965,237.9043875,19.1847003,0.0,LAE1693,1,true,0.0,0.0,-1.0,0.0,0.0,0.0
966,238.11577919999996,19.1850708,0.0,LAE1695,1,true,0.0,0.0,-1.0,0.0,0.0,0.0
967,238.1463458,19.1837378,0.0,LAE1699,1,true,0.0,0.0,-1.0,0.0,0.0,0.0
968,237.8939792,19.185739999999996,0.0,LAE1702,1,true,0.0,0.0,-1.0,0.0,0.0,0.0
969,238.1202917,19.185824399999998,0.0,LAE1703,1,true,0.0,0.0,-1.0,0.0,0.0,0.0
970,237.7689458,19.1863458,0.0,LAE1707,1,true,0.0,0.0,-1.0,0.0,0.0,0.0
971,237.8991042,19.1859778,0.0,LAE1709,1,true,0.0,0.0,-1.0,0.0,0.0,0.0
972,238.17,19.1874264,0.0,LAE1715,1,true,0.0,0.0,-1.0,0.0,0.0,0.0
973,238.00409580000002,19.1875731,0.0,LAE1716,1,true,0.0,0.0,-1.0,0.0,0.0,0.0
974,238.11139169999998,19.1877589,0.0,LAE1717,1,true,0.0,0.0,-1.0,0.0,0.0,0.0
975,238.145525,19.1879467,0.0,LAE1719,1,true,0.0,0.0,-1.0,0.0,0.0,0.0
976,237.814925,19.1894025,0.0,LAE1721,1,true,0.0,0.0,-1.0,0.0,0.0,0.0
977,237.7644958,19.18975,0.0,LAE1727,1,true,0.0,0.0,-1.0,0.0,0.0,0.0
978,237.82917500000002,19.1912897,0.0,LAE1736,1,true,0.0,0.0,-1.0,0.0,0.0,0.0
979,238.1470042,19.1914208,0.0,LAE1740,1,true,0.0,0.0,-1.0,0.0,0.0,0.0
980,237.8119625,19.1920678,0.0,LAE1741,1,true,0.0,0.0,-1.0,0.0,0.0,0.0
981,238.134425,19.192295,0.0,LAE1742,1,true,0.0,0.0,-1.0,0.0,0.0,0.0
982,238.0645792,19.1914958,0.0,LAE1743,1,true,0.0,0.0,-1.0,0.0,0.0,0.0
983,237.8444125,19.1926178,0.0,LAE1744,1,true,0.0,0.0,-1.0,0.0,0.0,0.0
984,237.7579,19.1930692,0.0,LAE1751,1,true,0.0,0.0,-1.0,0.0,0.0,0.0
985,237.7399917,19.1936172,0.0,LAE1756,1,true,0.0,0.0,-1.0,0.0,0.0,0.0
986,237.90875,19.193179400000002,0.0,LAE1757,1,true,0.0,0.0,-1.0,0.0,0.0,0.0
987,237.89264169999998,19.1949633,0.0,LAE1759,1,true,0.0,0.0,-1.0,0.0,0.0,0.0
988,238.0426875,19.1949464,0.0,LAE1760,1,true,0.0,0.0,-1.0,0.0,0.0,0.0
989,238.07045,19.1947125,0.0,LAE1762,1,true,0.0,0.0,-1.0,0.0,0.0,0.0
990,238.0460667,19.197011700000004,0.0,LAE1774,1,true,0.0,0.0,-1.0,0.0,0.0,0.0
991,238.064575,19.1971756,0.0,LAE1775,1,true,0.0,0.0,-1.0,0.0,0.0,0.0
992,237.7600292,19.1978331,0.0,LAE1782,1,true,0.0,0.0,-1.0,0.0,0.0,0.0
993,238.1429042,19.1982158,0.0,LAE1783,1,true,0.0,0.0,-1.0,0.0,0.0,0.0
994,238.14134169999997,19.1979592,0.0,LAE1786,1,true,0.0,0.0,-1.0,0.0,0.0,0.0
995,237.8461125,19.198486899999995,0.0,LAE1789,1,true,0.0,0.0,-1.0,0.0,0.0,0.0
996,237.8361333,19.19896,0.0,LAE1790,1,true,0.0,0.0,-1.0,0.0,0.0,0.0
997,238.0504542,19.1995372,0.0,LAE1795,1,true,0.0,0.0,-1.0,0.0,0.0,0.0
998,238.17788330000002,19.1989394,0.0,LAE1802,1,true,0.0,0.0,-1.0,0.0,0.0,0.0
999,238.1011375,19.200935,0.0,LAE1805,1,true,0.0,0.0,-1.0,0.0,0.0,0.0
1000,237.792625,19.2016431,0.0,LAE1808,1,true,0.0,0.0,-1.0,0.0,0.0,0.0
1001,237.7448125,19.1996006,0.0,LAE1809,1,true,0.0,0.0,-1.0,0.0,0.0,0.0
1002,237.87364170000004,19.2019864,0.0,LAE1813,1,true,0.0,0.0,-1.0,0.0,0.0,0.0
1003,238.0965458,19.2025606,0.0,LAE1818,1,true,0.0,0.0,-1.0,0.0,0.0,0.0
1004,237.8342542,19.2034244,0.0,LAE1822,1,true,0.0,0.0,-1.0,0.0,0.0,0.0
1005,238.0452792,19.203134700000003,0.0,LAE1824,1,true,0.0,0.0,-1.0,0.0,0.0,0.0
1006,237.7771208,19.204197500000003,0.0,LAE1834,1,true,0.0,0.0,-1.0,0.0,0.0,0.0
1007,238.0716583,19.203946099999996,0.0,LAE1836,1,true,0.0,0.0,-1.0,0.0,0.0,0.0
1008,238.07164169999996,19.2046147,0.0,LAE1845,1,true,0.0,0.0,-1.0,0.0,0.0,0.0
1009,237.9411625,19.2064003,0.0,LAE1846,1,true,0.0,0.0,-1.0,0.0,0.0,0.0
1010,237.7581125,19.2071806,0.0,LAE1850,1,true,0.0,0.0,-1.0,0.0,0.0,0.0
1011,237.98573329999996,19.2073344,0.0,LAE1851,1,true,0.0,0.0,-1.0,0.0,0.0,0.0
1012,237.75688330000003,19.2076369,0.0,LAE1853,1,true,0.0,0.0,-1.0,0.0,0.0,0.0
1013,238.07485,19.2076342,0.0,LAE1854,1,true,0.0,0.0,-1.0,0.0,0.0,0.0
1014,237.8940667,19.2071131,0.0,LAE1855,1,true,0.0,0.0,-1.0,0.0,0.0,0.0
1015,238.1044208,19.2087889,0.0,LAE1861,1,true,0.0,0.0,-1.0,0.0,0.0,0.0
1016,237.9429958,19.2090639,0.0,LAE1862,1,true,0.0,0.0,-1.0,0.0,0.0,0.0
1017,238.0762417,19.2089472,0.0,LAE1863,1,true,0.0,0.0,-1.0,0.0,0.0,0.0
1018,238.1324542,19.209160000000004,0.0,LAE1864,1,true,0.0,0.0,-1.0,0.0,0.0,0.0
1019,237.8837833,19.2087939,0.0,LAE1865,1,true,0.0,0.0,-1.0,0.0,0.0,0.0
1020,237.8454542,19.208574400000003,0.0,LAE1866,1,true,0.0,0.0,-1.0,0.0,0.0,0.0
1021,238.0674125,19.2100961,0.0,LAE1871,1,true,0.0,0.0,-1.0,0.0,0.0,0.0
1022,238.15706249999997,19.2113136,0.0,LAE1878,1,true,0.0,0.0,-1.0,0.0,0.0,0.0
1023,237.8930792,19.2111117,0.0,LAE1882,1,true,0.0,0.0,-1.0,0.0,0.0,0.0
1024,238.0604875,19.2133578,0.0,LAE1890,1,true,0.0,0.0,-1.0,0.0,0.0,0.0
1025,237.80165,19.214296100000002,0.0,LAE1897,1,true,0.0,0.0,-1.0,0.0,0.0,0.0
1026,237.8922917,19.2139825,0.0,LAE1901,1,true,0.0,0.0,-1.0,0.0,0.0,0.0
1027,238.0655875,19.2155683,0.0,LAE1902,1,true,0.0,0.0,-1.0,0.0,0.0,0.0
1028,237.8853875,19.2162442,0.0,LAE1907,1,true,0.0,0.0,-1.0,0.0,0.0,0.0
1029,237.7624458,19.2168103,0.0,LAE1908,1,true,0.0,0.0,-1.0,0.0,0.0,0.0
1030,238.1635792,19.2149944,0.0,LAE1910,1,true,0.0,0.0,-1.0,0.0,0.0,0.0
1031,238.1183292,19.216937800000004,0.0,LAE1911,1,true,0.0,0.0,-1.0,0.0,0.0,0.0
1032,237.9064583,19.2172814,0.0,LAE1914,1,true,0.0,0.0,-1.0,0.0,0.0,0.0
1033,238.0791333,19.2178428,0.0,LAE1918,1,true,0.0,0.0,-1.0,0.0,0.0,0.0
1034,237.8200292,19.2181425,0.0,LAE1922,1,true,0.0,0.0,-1.0,0.0,0.0,0.0
1035,238.11833330000002,19.2186803,0.0,LAE1924,1,true,0.0,0.0,-1.0,0.0,0.0,0.0
1036,238.1028708,19.2177694,0.0,LAE1925,1,true,0.0,0.0,-1.0,0.0,0.0,0.0
1037,238.0831333,19.219004999999996,0.0,LAE1926,1,true,0.0,0.0,-1.0,0.0,0.0,0.0
1038,237.8234042,19.2184983,0.0,LAE1931,1,true,0.0,0.0,-1.0,0.0,0.0,0.0
1039,237.8071292,19.2191853,0.0,LAE1933,1,true,0.0,0.0,-1.0,0.0,0.0,0.0
1040,237.9512833,19.2203656,0.0,LAE1936,1,true,0.0,0.0,-1.0,0.0,0.0,0.0
1041,237.87310000000002,19.220236899999996,0.0,LAE1937,1,true,0.0,0.0,-1.0,0.0,0.0,0.0
1042,238.0536583,19.2217575,0.0,LAE1940,1,true,0.0,0.0,-1.0,0.0,0.0,0.0
1043,238.0864583,19.2219344,0.0,LAE1943,1,true,0.0,0.0,-1.0,0.0,0.0,0.0
1044,237.9308625,19.2220828,0.0,LAE1944,1,true,0.0,0.0,-1.0,0.0,0.0,0.0
1045,238.1360167,19.2223306,0.0,LAE1945,1,true,0.0,0.0,-1.0,0.0,0.0,0.0
1046,237.98295,19.2233469,0.0,LAE1946,1,true,0.0,0.0,-1.0,0.0,0.0,0.0
1047,237.9905583,19.2242986,0.0,LAE1948,1,true,0.0,0.0,-1.0,0.0,0.0,0.0
1048,237.9260125,19.2248489,0.0,LAE1953,1,true,0.0,0.0,-1.0,0.0,0.0,0.0
1049,237.8082042,19.225103899999997,0.0,LAE1954,1,true,0.0,0.0,-1.0,0.0,0.0,0.0
1050,237.9183458,19.2256519,0.0,LAE1957,1,true,0.0,0.0,-1.0,0.0,0.0,0.0
1051,237.8500667,19.2260047,0.0,LAE1958,1,true,0.0,0.0,-1.0,0.0,0.0,0.0
1052,238.0582583,19.2259264,0.0,LAE1959,1,true,0.0,0.0,-1.0,0.0,0.0,0.0
1053,237.9443375,19.2266064,0.0,LAE1961,1,true,0.0,0.0,-1.0,0.0,0.0,0.0
1054,237.903825,19.2266858,0.0,LAE1963,1,true,0.0,0.0,-1.0,0.0,0.0,0.0
1055,237.92905,19.2273903,0.0,LAE1970,1,true,0.0,0.0,-1.0,0.0,0.0,0.0
1056,237.7722875,19.2290717,0.0,LAE1977,1,true,0.0,0.0,-1.0,0.0,0.0,0.0
1057,237.954425,19.2291397,0.0,LAE1978,1,true,0.0,0.0,-1.0,0.0,0.0,0.0
1058,238.0701708,19.2295389,0.0,LAE1979,1,true,0.0,0.0,-1.0,0.0,0.0,0.0
1059,237.8233,19.2290747,0.0,LAE1980,1,true,0.0,0.0,-1.0,0.0,0.0,0.0
1060,237.9850958,19.2293728,0.0,LAE1981,1,true,0.0,0.0,-1.0,0.0,0.0,0.0
1061,238.0633208,19.2286917,0.0,LAE1982,1,true,0.0,0.0,-1.0,0.0,0.0,0.0
1062,238.118125,19.2306989,0.0,LAE1991,1,true,0.0,0.0,-1.0,0.0,0.0,0.0
1063,238.102775,19.2319269,0.0,LAE1994,1,true,0.0,0.0,-1.0,0.0,0.0,0.0
1064,237.7563583,19.2321708,0.0,LAE1995,1,true,0.0,0.0,-1.0,0.0,0.0,0.0
1065,238.0551208,19.231833900000005,0.0,LAE1997,1,true,0.0,0.0,-1.0,0.0,0.0,0.0
1066,237.8439625,19.2327419,0.0,LAE1998,1,true,0.0,0.0,-1.0,0.0,0.0,0.0
1067,237.9029083,19.2329572,0.0,LAE2000,1,true,0.0,0.0,-1.0,0.0,0.0,0.0
1068,237.7932167,19.2336225,0.0,LAE2002,1,true,0.0,0.0,-1.0,0.0,0.0,0.0
1069,237.8029625,19.2344581,0.0,LAE2008,1,true,0.0,0.0,-1.0,0.0,0.0,0.0
1070,237.7960333,19.2334625,0.0,LAE2009,1,true,0.0,0.0,-1.0,0.0,0.0,0.0
1071,237.7972875,19.2358256,0.0,LAE2012,1,true,0.0,0.0,-1.0,0.0,0.0,0.0
1072,238.1311583,19.2355633,0.0,LAE2013,1,true,0.0,0.0,-1.0,0.0,0.0,0.0
1073,237.7972958,19.2364636,0.0,LAE2014,1,true,0.0,0.0,-1.0,0.0,0.0,0.0
1074,238.1545458,19.2362842,0.0,LAE2015,1,true,0.0,0.0,-1.0,0.0,0.0,0.0
1075,237.8667667,19.235267500000003,0.0,LAE2016,1,true,0.0,0.0,-1.0,0.0,0.0,0.0
1076,237.79634579999998,19.237126100000005,0.0,LAE2017,1,true,0.0,0.0,-1.0,0.0,0.0,0.0
1077,237.8169792,19.2385994,0.0,LAE2021,1,true,0.0,0.0,-1.0,0.0,0.0,0.0
1078,237.958775,19.2386144,0.0,LAE2022,1,true,0.0,0.0,-1.0,0.0,0.0,0.0
1079,238.175,19.2385256,0.0,LAE2023,1,true,0.0,0.0,-1.0,0.0,0.0,0.0
1080,238.0403333,19.2406719,0.0,LAE2030,1,true,0.0,0.0,-1.0,0.0,0.0,0.0
1081,237.9114917,19.2421361,0.0,LAE2036,1,true,0.0,0.0,-1.0,0.0,0.0,0.0
1082,237.9846417,19.2413122,0.0,LAE2037,1,true,0.0,0.0,-1.0,0.0,0.0,0.0
1083,237.87480000000002,19.2422917,0.0,LAE2043,1,true,0.0,0.0,-1.0,0.0,0.0,0.0
1084,237.7747375,19.2428525,0.0,LAE2044,1,true,0.0,0.0,-1.0,0.0,0.0,0.0
1085,238.1581542,19.2429106,0.0,LAE2045,1,true,0.0,0.0,-1.0,0.0,0.0,0.0
1086,237.9278167,19.2435425,0.0,LAE2046,1,true,0.0,0.0,-1.0,0.0,0.0,0.0
1087,237.9088167,19.2439392,0.0,LAE2051,1,true,0.0,0.0,-1.0,0.0,0.0,0.0
1088,237.9387333,19.2437547,0.0,LAE2052,1,true,0.0,0.0,-1.0,0.0,0.0,0.0
1089,238.1582042,19.2441636,0.0,LAE2055,1,true,0.0,0.0,-1.0,0.0,0.0,0.0
1090,238.1672083,19.2445711,0.0,LAE2058,1,true,0.0,0.0,-1.0,0.0,0.0,0.0
1091,238.0787458,19.2447144,0.0,LAE2060,1,true,0.0,0.0,-1.0,0.0,0.0,0.0
1092,238.1499083,19.245335799999996,0.0,LAE2062,1,true,0.0,0.0,-1.0,0.0,0.0,0.0
1093,238.1716,19.2456186,0.0,LAE2063,1,true,0.0,0.0,-1.0,0.0,0.0,0.0
1094,238.0581208,19.2453189,0.0,LAE2064,1,true,0.0,0.0,-1.0,0.0,0.0,0.0
1095,237.8657417,19.2462736,0.0,LAE2067,1,true,0.0,0.0,-1.0,0.0,0.0,0.0
1096,238.0707125,19.2472256,0.0,LAE2068,1,true,0.0,0.0,-1.0,0.0,0.0,0.0
1097,237.7991917,19.2473603,0.0,LAE2070,1,true,0.0,0.0,-1.0,0.0,0.0,0.0
1098,237.84585,19.2467642,0.0,LAE2071,1,true,0.0,0.0,-1.0,0.0,0.0,0.0
1099,237.8428042,19.2472861,0.0,LAE2072,1,true,0.0,0.0,-1.0,0.0,0.0,0.0
1100,238.1398417,19.2479089,0.0,LAE2073,1,true,0.0,0.0,-1.0,0.0,0.0,0.0
1101,238.0551125,19.24853,0.0,LAE2074,1,true,0.0,0.0,-1.0,0.0,0.0,0.0
1102,237.9041667,19.2482742,0.0,LAE2077,1,true,0.0,0.0,-1.0,0.0,0.0,0.0
1103,238.1397,19.2482158,0.0,LAE2078,1,true,0.0,0.0,-1.0,0.0,0.0,0.0
1104,237.9626708,19.2497244,0.0,LAE2079,1,true,0.0,0.0,-1.0,0.0,0.0,0.0
1105,238.1599542,19.2491017,0.0,LAE2081,1,true,0.0,0.0,-1.0,0.0,0.0,0.0
1106,238.0275292,19.251532499999996,0.0,LAE2087,1,true,0.0,0.0,-1.0,0.0,0.0,0.0
1107,238.1464667,19.2511467,0.0,LAE2088,1,true,0.0,0.0,-1.0,0.0,0.0,0.0
1108,238.0007042,19.2503683,0.0,LAE2092,1,true,0.0,0.0,-1.0,0.0,0.0,0.0
1109,237.80037920000004,19.252935599999997,0.0,LAE2095,1,true,0.0,0.0,-1.0,0.0,0.0,0.0
1110,237.8307667,19.2536633,0.0,LAE2097,1,true,0.0,0.0,-1.0,0.0,0.0,0.0
1111,237.7871833,19.2541297,0.0,LAE2100,1,true,0.0,0.0,-1.0,0.0,0.0,0.0
1112,238.1682917,19.2546425,0.0,LAE2108,1,true,0.0,0.0,-1.0,0.0,0.0,0.0
1113,238.1749917,19.2563294,0.0,LAE2116,1,true,0.0,0.0,-1.0,0.0,0.0,0.0
1114,237.8410167,19.2560714,0.0,LAE2118,1,true,0.0,0.0,-1.0,0.0,0.0,0.0
1115,237.869775,19.2566258,0.0,LAE2119,1,true,0.0,0.0,-1.0,0.0,0.0,0.0
1116,238.0144917,19.2569697,0.0,LAE2120,1,true,0.0,0.0,-1.0,0.0,0.0,0.0
1117,237.86012080000003,19.2570172,0.0,LAE2124,1,true,0.0,0.0,-1.0,0.0,0.0,0.0
1118,238.0111125,19.2565006,0.0,LAE2125,1,true,0.0,0.0,-1.0,0.0,0.0,0.0
1119,238.05734170000002,19.2589183,0.0,LAE2133,1,true,0.0,0.0,-1.0,0.0,0.0,0.0
1120,237.92465000000004,19.2599322,0.0,LAE2137,1,true,0.0,0.0,-1.0,0.0,0.0,0.0
1121,238.0529542,19.2609611,0.0,LAE2141,1,true,0.0,0.0,-1.0,0.0,0.0,0.0
1122,237.789125,19.2598572,0.0,LAE2142,1,true,0.0,0.0,-1.0,0.0,0.0,0.0
1123,237.9427208,19.2607758,0.0,LAE2143,1,true,0.0,0.0,-1.0,0.0,0.0,0.0
1124,238.0520667,19.260505300000002,0.0,LAE2145,1,true,0.0,0.0,-1.0,0.0,0.0,0.0
1125,237.92958330000002,19.2611725,0.0,LAE2146,1,true,0.0,0.0,-1.0,0.0,0.0,0.0
1126,237.7891792,19.2608583,0.0,LAE2148,1,true,0.0,0.0,-1.0,0.0,0.0,0.0
1127,238.1242083,19.2609361,0.0,LAE2149,1,true,0.0,0.0,-1.0,0.0,0.0,0.0
1128,237.9517333,19.2585258,0.0,LAE2153,1,true,0.0,0.0,-1.0,0.0,0.0,0.0
1129,237.7778042,19.2631781,0.0,LAE2160,1,true,0.0,0.0,-1.0,0.0,0.0,0.0
1130,238.1264708,19.2634608,0.0,LAE2162,1,true,0.0,0.0,-1.0,0.0,0.0,0.0
1131,237.7428042,19.2640794,0.0,LAE2164,1,true,0.0,0.0,-1.0,0.0,0.0,0.0
1132,238.0148167,19.2645844,0.0,LAE2169,1,true,0.0,0.0,-1.0,0.0,0.0,0.0
1133,237.9200792,19.2647636,0.0,LAE2171,1,true,0.0,0.0,-1.0,0.0,0.0,0.0
1134,237.799,19.2657164,0.0,LAE2173,1,true,0.0,0.0,-1.0,0.0,0.0,0.0
1135,237.9698875,19.2648478,0.0,LAE2177,1,true,0.0,0.0,-1.0,0.0,0.0,0.0
1136,237.7629458,19.2684839,0.0,LAE2183,1,true,0.0,0.0,-1.0,0.0,0.0,0.0
1137,238.0101083,19.2689747,0.0,LAE2185,1,true,0.0,0.0,-1.0,0.0,0.0,0.0
1138,238.0466,19.2700858,0.0,LAE2191,1,true,0.0,0.0,-1.0,0.0,0.0,0.0
1139,238.0136125,19.2702044,0.0,LAE2192,1,true,0.0,0.0,-1.0,0.0,0.0,0.0
1140,237.76570829999997,19.2708439,0.0,LAE2194,1,true,0.0,0.0,-1.0,0.0,0.0,0.0
1141,237.8487125,19.2703975,0.0,LAE2195,1,true,0.0,0.0,-1.0,0.0,0.0,0.0
1142,238.1360792,19.2721586,0.0,LAE2197,1,true,0.0,0.0,-1.0,0.0,0.0,0.0
1143,237.8307958,19.2709831,0.0,LAE2198,1,true,0.0,0.0,-1.0,0.0,0.0,0.0
1144,237.8312792,19.2706606,0.0,LAE2200,1,true,0.0,0.0,-1.0,0.0,0.0,0.0
1145,237.7846167,19.2730519,0.0,LAE2201,1,true,0.0,0.0,-1.0,0.0,0.0,0.0
1146,238.15507920000002,19.2717544,0.0,LAE2202,1,true,0.0,0.0,-1.0,0.0,0.0,0.0
1147,238.1096833,19.273284400000005,0.0,LAE2204,1,true,0.0,0.0,-1.0,0.0,0.0,0.0
1148,238.1712917,19.2738825,0.0,LAE2205,1,true,0.0,0.0,-1.0,0.0,0.0,0.0
1149,237.98185,19.2741244,0.0,LAE2206,1,true,0.0,0.0,-1.0,0.0,0.0,0.0
1150,238.0643417,19.2744761,0.0,LAE2207,1,true,0.0,0.0,-1.0,0.0,0.0,0.0
1151,238.11887499999997,19.274564399999996,0.0,LAE2212,1,true,0.0,0.0,-1.0,0.0,0.0,0.0
1152,238.1311417,19.2734886,0.0,LAE2213,1,true,0.0,0.0,-1.0,0.0,0.0,0.0
1153,238.1235083,19.2777481,0.0,LAE2218,1,true,0.0,0.0,-1.0,0.0,0.0,0.0
1154,237.7849875,19.2780789,0.0,LAE2219,1,true,0.0,0.0,-1.0,0.0,0.0,0.0
1155,237.7909667,19.2785433,0.0,LAE2222,1,true,0.0,0.0,-1.0,0.0,0.0,0.0
1156,237.8015958,19.2784958,0.0,LAE2223,1,true,0.0,0.0,-1.0,0.0,0.0,0.0
1157,238.1778958,19.2783064,0.0,LAE2224,1,true,0.0,0.0,-1.0,0.0,0.0,0.0
1158,237.81577080000002,19.2780697,0.0,LAE2225,1,true,0.0,0.0,-1.0,0.0,0.0,0.0
1159,237.9622167,19.2782942,0.0,LAE2226,1,true,0.0,0.0,-1.0,0.0,0.0,0.0
1160,237.852675,19.2784103,0.0,LAE2229,1,true,0.0,0.0,-1.0,0.0,0.0,0.0
1161,238.1429125,19.2799922,0.0,LAE2230,1,true,0.0,0.0,-1.0,0.0,0.0,0.0
1162,237.8413917,19.2809283,0.0,LAE2233,1,true,0.0,0.0,-1.0,0.0,0.0,0.0
1163,238.1543458,19.281606899999996,0.0,LAE2239,1,true,0.0,0.0,-1.0,0.0,0.0,0.0
1164,237.9201333,19.2817969,0.0,LAE2241,1,true,0.0,0.0,-1.0,0.0,0.0,0.0
1165,237.754275,19.2816611,0.0,LAE2243,1,true,0.0,0.0,-1.0,0.0,0.0,0.0
1166,238.07959999999997,19.282196899999995,0.0,LAE2245,1,true,0.0,0.0,-1.0,0.0,0.0,0.0
1167,237.7999625,19.2820767,0.0,LAE2246,1,true,0.0,0.0,-1.0,0.0,0.0,0.0
1168,237.7744708,19.2832786,0.0,LAE2249,1,true,0.0,0.0,-1.0,0.0,0.0,0.0
1169,238.1558875,19.2840536,0.0,LAE2256,1,true,0.0,0.0,-1.0,0.0,0.0,0.0
1170,237.80953749999998,19.2848322,0.0,LAE2257,1,true,0.0,0.0,-1.0,0.0,0.0,0.0
1171,238.1687375,19.28417,0.0,LAE2259,1,true,0.0,0.0,-1.0,0.0,0.0,0.0
1172,237.7673542,19.2850617,0.0,LAE2260,1,true,0.0,0.0,-1.0,0.0,0.0,0.0
1173,238.1105125,19.2835828,0.0,LAE2261,1,true,0.0,0.0,-1.0,0.0,0.0,0.0
1174,238.031825,19.2860078,0.0,LAE2266,1,true,0.0,0.0,-1.0,0.0,0.0,0.0
1175,237.8250875,19.2871297,0.0,LAE2270,1,true,0.0,0.0,-1.0,0.0,0.0,0.0
1176,237.9841125,19.2867131,0.0,LAE2272,1,true,0.0,0.0,-1.0,0.0,0.0,0.0
1177,237.7568417,19.2867308,0.0,LAE2273,1,true,0.0,0.0,-1.0,0.0,0.0,0.0
1178,238.1100667,19.2878594,0.0,LAE2276,1,true,0.0,0.0,-1.0,0.0,0.0,0.0
1179,237.786775,19.2898089,0.0,LAE2281,1,true,0.0,0.0,-1.0,0.0,0.0,0.0
1180,237.7709458,19.2910586,0.0,LAE2283,1,true,0.0,0.0,-1.0,0.0,0.0,0.0
1181,238.0345167,19.2928894,0.0,LAE2289,1,true,0.0,0.0,-1.0,0.0,0.0,0.0
1182,237.99335,19.2933747,0.0,LAE2294,1,true,0.0,0.0,-1.0,0.0,0.0,0.0
1183,237.80288330000002,19.2931578,0.0,LAE2295,1,true,0.0,0.0,-1.0,0.0,0.0,0.0
1184,238.1459333,19.2943814,0.0,LAE2296,1,true,0.0,0.0,-1.0,0.0,0.0,0.0
1185,238.0602042,19.2958947,0.0,LAE2303,1,true,0.0,0.0,-1.0,0.0,0.0,0.0
1186,237.7918,19.2954853,0.0,LAE2305,1,true,0.0,0.0,-1.0,0.0,0.0,0.0
1187,237.8593458,19.2944892,0.0,LAE2307,1,true,0.0,0.0,-1.0,0.0,0.0,0.0
1188,237.8417417,19.2964481,0.0,LAE2308,1,true,0.0,0.0,-1.0,0.0,0.0,0.0
1189,238.0965583,19.296721900000005,0.0,LAE2309,1,true,0.0,0.0,-1.0,0.0,0.0,0.0
1190,237.8223833,19.2978356,0.0,LAE2310,1,true,0.0,0.0,-1.0,0.0,0.0,0.0
1191,237.7947792,19.2982633,0.0,LAE2312,1,true,0.0,0.0,-1.0,0.0,0.0,0.0
1192,238.17958330000002,19.2978497,0.0,LAE2313,1,true,0.0,0.0,-1.0,0.0,0.0,0.0
1193,238.1039,19.2995506,0.0,LAE2316,1,true,0.0,0.0,-1.0,0.0,0.0,0.0
1194,237.75794170000003,19.2991008,0.0,LAE2319,1,true,0.0,0.0,-1.0,0.0,0.0,0.0
1195,237.75029169999996,19.3015683,0.0,LAE2323,1,true,0.0,0.0,-1.0,0.0,0.0,0.0
1196,237.7789292,19.3003631,0.0,LAE2325,1,true,0.0,0.0,-1.0,0.0,0.0,0.0
1197,237.7976042,19.3028,0.0,LAE2330,1,true,0.0,0.0,-1.0,0.0,0.0,0.0
1198,237.80775,19.30448,0.0,LAE2332,1,true,0.0,0.0,-1.0,0.0,0.0,0.0
1199,237.8335333,19.3042097,0.0,LAE2333,1,true,0.0,0.0,-1.0,0.0,0.0,0.0
1200,237.8598958,19.3052506,0.0,LAE2334,1,true,0.0,0.0,-1.0,0.0,0.0,0.0
1201,238.10178750000003,19.3056514,0.0,LAE2338,1,true,0.0,0.0,-1.0,0.0,0.0,0.0
1202,237.8137458,19.3065292,0.0,LAE2341,1,true,0.0,0.0,-1.0,0.0,0.0,0.0
1203,238.1108917,19.3065808,0.0,LAE2344,1,true,0.0,0.0,-1.0,0.0,0.0,0.0
1204,238.0500458,19.306705799999996,0.0,LAE2345,1,true,0.0,0.0,-1.0,0.0,0.0,0.0
1205,238.1221708,19.3077958,0.0,LAE2351,1,true,0.0,0.0,-1.0,0.0,0.0,0.0
1206,238.04948329999996,19.3080511,0.0,LAE2352,1,true,0.0,0.0,-1.0,0.0,0.0,0.0
1207,238.17450419999997,19.3077517,0.0,LAE2353,1,true,0.0,0.0,-1.0,0.0,0.0,0.0
1208,238.0652417,19.3088561,0.0,LAE2358,1,true,0.0,0.0,-1.0,0.0,0.0,0.0
1209,237.8631708,19.3086597,0.0,LAE2359,1,true,0.0,0.0,-1.0,0.0,0.0,0.0
1210,238.0621958,19.3077303,0.0,LAE2361,1,true,0.0,0.0,-1.0,0.0,0.0,0.0
1211,238.12647499999997,19.3090072,0.0,LAE2363,1,true,0.0,0.0,-1.0,0.0,0.0,0.0
1212,237.9342458,19.3095264,0.0,LAE2364,1,true,0.0,0.0,-1.0,0.0,0.0,0.0
1213,238.1222875,19.3099506,0.0,LAE2365,1,true,0.0,0.0,-1.0,0.0,0.0,0.0
1214,238.0288625,19.3097647,0.0,LAE2366,1,true,0.0,0.0,-1.0,0.0,0.0,0.0
1215,237.74575,19.3101519,0.0,LAE2367,1,true,0.0,0.0,-1.0,0.0,0.0,0.0
1216,238.1460708,19.3101247,0.0,LAE2369,1,true,0.0,0.0,-1.0,0.0,0.0,0.0
1217,238.1720667,19.3109714,0.0,LAE2370,1,true,0.0,0.0,-1.0,0.0,0.0,0.0
1218,237.8261875,19.3102461,0.0,LAE2371,1,true,0.0,0.0,-1.0,0.0,0.0,0.0
1219,238.1143917,19.3108694,0.0,LAE2372,1,true,0.0,0.0,-1.0,0.0,0.0,0.0
1220,237.8439375,19.3114242,0.0,LAE2375,1,true,0.0,0.0,-1.0,0.0,0.0,0.0
1221,237.7403792,19.3122511,0.0,LAE2378,1,true,0.0,0.0,-1.0,0.0,0.0,0.0
1222,238.0480833,19.3127192,0.0,LAE2379,1,true,0.0,0.0,-1.0,0.0,0.0,0.0
1223,238.1091708,19.3041611,0.0,LAE2387,1,true,0.0,0.0,-1.0,0.0,0.0,0.0
1224,238.0410083,19.3149114,0.0,LAE2388,1,true,0.0,0.0,-1.0,0.0,0.0,0.0
1225,238.164575,19.3147456,0.0,LAE2390,1,true,0.0,0.0,-1.0,0.0,0.0,0.0
1226,237.7491792,19.3152867,0.0,LAE2392,1,true,0.0,0.0,-1.0,0.0,0.0,0.0
1227,238.1561042,19.3151,0.0,LAE2393,1,true,0.0,0.0,-1.0,0.0,0.0,0.0
1228,237.7946875,19.3162847,0.0,LAE2398,1,true,0.0,0.0,-1.0,0.0,0.0,0.0
1229,237.7994542,19.3170064,0.0,LAE2399,1,true,0.0,0.0,-1.0,0.0,0.0,0.0
1230,237.79555,19.3174731,0.0,LAE2400,1,true,0.0,0.0,-1.0,0.0,0.0,0.0
1231,237.8238375,19.3174975,0.0,LAE2401,1,true,0.0,0.0,-1.0,0.0,0.0,0.0
1232,237.7683417,19.31939,0.0,LAE2406,1,true,0.0,0.0,-1.0,0.0,0.0,0.0
1233,238.0971208,19.3197939,0.0,LAE2410,1,true,0.0,0.0,-1.0,0.0,0.0,0.0
1234,238.15075,19.3202728,0.0,LAE2412,1,true,0.0,0.0,-1.0,0.0,0.0,0.0
1235,238.1730833,19.320626099999995,0.0,LAE2415,1,true,0.0,0.0,-1.0,0.0,0.0,0.0
1236,237.7401542,19.3213561,0.0,LAE2416,1,true,0.0,0.0,-1.0,0.0,0.0,0.0
1237,237.8497292,19.3215069,0.0,LAE2417,1,true,0.0,0.0,-1.0,0.0,0.0,0.0
1238,238.1310375,19.3204169,0.0,LAE2418,1,true,0.0,0.0,-1.0,0.0,0.0,0.0
1239,237.9803292,19.3222942,0.0,LAE2424,1,true,0.0,0.0,-1.0,0.0,0.0,0.0
1240,237.84279579999998,19.3230044,0.0,LAE2425,1,true,0.0,0.0,-1.0,0.0,0.0,0.0
1241,237.7953917,19.323358899999995,0.0,LAE2426,1,true,0.0,0.0,-1.0,0.0,0.0,0.0
1242,237.9839,19.3231639,0.0,LAE2427,1,true,0.0,0.0,-1.0,0.0,0.0,0.0
1243,237.8210375,19.3234778,0.0,LAE2428,1,true,0.0,0.0,-1.0,0.0,0.0,0.0
1244,237.8213208,19.3245342,0.0,LAE2435,1,true,0.0,0.0,-1.0,0.0,0.0,0.0
1245,237.99288329999996,19.3253767,0.0,LAE2441,1,true,0.0,0.0,-1.0,0.0,0.0,0.0
1246,237.9546458,19.3257147,0.0,LAE2443,1,true,0.0,0.0,-1.0,0.0,0.0,0.0
1247,237.8569458,19.3256856,0.0,LAE2445,1,true,0.0,0.0,-1.0,0.0,0.0,0.0
1248,238.1641292,19.3263256,0.0,LAE2446,1,true,0.0,0.0,-1.0,0.0,0.0,0.0
1249,237.8382458,19.3270103,0.0,LAE2450,1,true,0.0,0.0,-1.0,0.0,0.0,0.0
1250,238.1309375,19.328076100000004,0.0,LAE2451,1,true,0.0,0.0,-1.0,0.0,0.0,0.0
1251,237.8356583,19.328466699999996,0.0,LAE2453,1,true,0.0,0.0,-1.0,0.0,0.0,0.0
1252,237.7952708,19.3282181,0.0,LAE2457,1,true,0.0,0.0,-1.0,0.0,0.0,0.0
1253,237.7708125,19.3289222,0.0,LAE2458,1,true,0.0,0.0,-1.0,0.0,0.0,0.0
1254,237.7988458,19.328906900000003,0.0,LAE2460,1,true,0.0,0.0,-1.0,0.0,0.0,0.0
1255,237.9836917,19.3288608,0.0,LAE2461,1,true,0.0,0.0,-1.0,0.0,0.0,0.0
1256,238.0123958,19.3298697,0.0,LAE2464,1,true,0.0,0.0,-1.0,0.0,0.0,0.0
1257,237.9786417,19.3300439,0.0,LAE2465,1,true,0.0,0.0,-1.0,0.0,0.0,0.0
1258,237.96245,19.330639999999995,0.0,LAE2466,1,true,0.0,0.0,-1.0,0.0,0.0,0.0
1259,238.0146542,19.3308961,0.0,LAE2467,1,true,0.0,0.0,-1.0,0.0,0.0,0.0
1260,238.1717875,19.3321,0.0,LAE2468,1,true,0.0,0.0,-1.0,0.0,0.0,0.0
1261,238.0270667,19.3324914,0.0,LAE2471,1,true,0.0,0.0,-1.0,0.0,0.0,0.0
1262,238.0034625,19.3333214,0.0,LAE2472,1,true,0.0,0.0,-1.0,0.0,0.0,0.0
1263,238.0777917,19.333032199999998,0.0,LAE2474,1,true,0.0,0.0,-1.0,0.0,0.0,0.0
1264,237.8655292,19.3337667,0.0,LAE2477,1,true,0.0,0.0,-1.0,0.0,0.0,0.0
1265,238.1033917,19.3356467,0.0,LAE2483,1,true,0.0,0.0,-1.0,0.0,0.0,0.0
1266,237.97676249999998,19.3348769,0.0,LAE2484,1,true,0.0,0.0,-1.0,0.0,0.0,0.0
1267,237.9571792,19.3363428,0.0,LAE2491,1,true,0.0,0.0,-1.0,0.0,0.0,0.0
1268,237.7419042,19.3376025,0.0,LAE2493,1,true,0.0,0.0,-1.0,0.0,0.0,0.0
1269,238.0865667,19.3380522,0.0,LAE2494,1,true,0.0,0.0,-1.0,0.0,0.0,0.0
1270,238.019675,19.3386008,0.0,LAE2495,1,true,0.0,0.0,-1.0,0.0,0.0,0.0
1271,237.9792917,19.3393369,0.0,LAE2499,1,true,0.0,0.0,-1.0,0.0,0.0,0.0
1272,237.957675,19.3397058,0.0,LAE2502,1,true,0.0,0.0,-1.0,0.0,0.0,0.0
1273,237.8518667,19.3400717,0.0,LAE2503,1,true,0.0,0.0,-1.0,0.0,0.0,0.0
1274,237.97131250000004,19.3404597,0.0,LAE2505,1,true,0.0,0.0,-1.0,0.0,0.0,0.0
1275,237.7809,19.3407994,0.0,LAE2507,1,true,0.0,0.0,-1.0,0.0,0.0,0.0
1276,237.7745958,19.3409983,0.0,LAE2510,1,true,0.0,0.0,-1.0,0.0,0.0,0.0
1277,238.0668125,19.3410547,0.0,LAE2511,1,true,0.0,0.0,-1.0,0.0,0.0,0.0
1278,237.8312125,19.3435572,0.0,LAE2519,1,true,0.0,0.0,-1.0,0.0,0.0,0.0
1279,237.915525,19.3437675,0.0,LAE2520,1,true,0.0,0.0,-1.0,0.0,0.0,0.0
1280,237.7719083,19.3444444,0.0,LAE2524,1,true,0.0,0.0,-1.0,0.0,0.0,0.0
1281,238.1151333,19.3451286,0.0,LAE2526,1,true,0.0,0.0,-1.0,0.0,0.0,0.0
1282,238.1481583,19.3450117,0.0,LAE2527,1,true,0.0,0.0,-1.0,0.0,0.0,0.0
1283,237.9560333,19.3457972,0.0,LAE2529,1,true,0.0,0.0,-1.0,0.0,0.0,0.0
1284,238.1182542,19.3471964,0.0,LAE2533,1,true,0.0,0.0,-1.0,0.0,0.0,0.0
1285,238.0764667,19.34704,0.0,LAE2537,1,true,0.0,0.0,-1.0,0.0,0.0,0.0
1286,238.14865,19.3479578,0.0,LAE2539,1,true,0.0,0.0,-1.0,0.0,0.0,0.0
1287,237.7782667,19.3473867,0.0,LAE2540,1,true,0.0,0.0,-1.0,0.0,0.0,0.0
1288,237.7447125,19.3481875,0.0,LAE2541,1,true,0.0,0.0,-1.0,0.0,0.0,0.0
1289,238.07605,19.3478381,0.0,LAE2542,1,true,0.0,0.0,-1.0,0.0,0.0,0.0
1290,237.9149208,19.3477847,0.0,LAE2543,1,true,0.0,0.0,-1.0,0.0,0.0,0.0
1291,237.7753458,19.3484803,0.0,LAE2544,1,true,0.0,0.0,-1.0,0.0,0.0,0.0
1292,238.0184208,19.34835,0.0,LAE2545,1,true,0.0,0.0,-1.0,0.0,0.0,0.0
1293,237.7846583,19.3486689,0.0,LAE2548,1,true,0.0,0.0,-1.0,0.0,0.0,0.0
1294,237.7430875,19.3494747,0.0,LAE2550,1,true,0.0,0.0,-1.0,0.0,0.0,0.0
1295,237.7972875,19.349976099999996,0.0,LAE2551,1,true,0.0,0.0,-1.0,0.0,0.0,0.0
1296,237.8486375,19.349444699999996,0.0,LAE2552,1,true,0.0,0.0,-1.0,0.0,0.0,0.0
1297,237.92007080000002,19.3533742,0.0,LAE2563,1,true,0.0,0.0,-1.0,0.0,0.0,0.0
1298,237.7523792,19.353676099999998,0.0,LAE2566,1,true,0.0,0.0,-1.0,0.0,0.0,0.0
1299,237.82044170000003,19.3539717,0.0,LAE2568,1,true,0.0,0.0,-1.0,0.0,0.0,0.0
1300,238.0377167,19.354203100000003,0.0,LAE2570,1,true,0.0,0.0,-1.0,0.0,0.0,0.0
1301,238.1221417,19.3524078,0.0,LAE2571,1,true,0.0,0.0,-1.0,0.0,0.0,0.0
1302,238.1435667,19.3547203,0.0,LAE2572,1,true,0.0,0.0,-1.0,0.0,0.0,0.0
1303,237.872625,19.355541400000003,0.0,LAE2577,1,true,0.0,0.0,-1.0,0.0,0.0,0.0
1304,237.8727208,19.357066100000004,0.0,LAE2580,1,true,0.0,0.0,-1.0,0.0,0.0,0.0
1305,238.1620792,19.3565322,0.0,LAE2582,1,true,0.0,0.0,-1.0,0.0,0.0,0.0
1306,237.7976458,19.357710299999997,0.0,LAE2588,1,true,0.0,0.0,-1.0,0.0,0.0,0.0
1307,237.8456917,19.35874,0.0,LAE2594,1,true,0.0,0.0,-1.0,0.0,0.0,0.0
1308,237.754125,19.3589022,0.0,LAE2595,1,true,0.0,0.0,-1.0,0.0,0.0,0.0
1309,238.1750125,19.360200300000002,0.0,LAE2597,1,true,0.0,0.0,-1.0,0.0,0.0,0.0
1310,238.0851167,19.363301700000005,0.0,LAE2608,1,true,0.0,0.0,-1.0,0.0,0.0,0.0
1311,238.1268792,19.3631206,0.0,LAE2609,1,true,0.0,0.0,-1.0,0.0,0.0,0.0
1312,238.0016333,19.3628764,0.0,LAE2611,1,true,0.0,0.0,-1.0,0.0,0.0,0.0
1313,237.920925,19.3643956,0.0,LAE2616,1,true,0.0,0.0,-1.0,0.0,0.0,0.0
1314,237.8996583,19.3642014,0.0,LAE2617,1,true,0.0,0.0,-1.0,0.0,0.0,0.0
1315,238.0899167,19.3646344,0.0,LAE2618,1,true,0.0,0.0,-1.0,0.0,0.0,0.0
1316,237.93815000000004,19.3648639,0.0,LAE2619,1,true,0.0,0.0,-1.0,0.0,0.0,0.0
1317,238.0934667,19.3679317,0.0,LAE2625,1,true,0.0,0.0,-1.0,0.0,0.0,0.0
1318,237.9027375,19.3685489,0.0,LAE2631,1,true,0.0,0.0,-1.0,0.0,0.0,0.0
1319,238.0795167,19.369153599999997,0.0,LAE2632,1,true,0.0,0.0,-1.0,0.0,0.0,0.0
1320,237.77129999999997,19.3696619,0.0,LAE2634,1,true,0.0,0.0,-1.0,0.0,0.0,0.0
1321,237.9874208,19.3704867,0.0,LAE2635,1,true,0.0,0.0,-1.0,0.0,0.0,0.0
1322,238.1198625,19.370808599999997,0.0,LAE2637,1,true,0.0,0.0,-1.0,0.0,0.0,0.0
1323,237.937475,19.3715139,0.0,LAE2640,1,true,0.0,0.0,-1.0,0.0,0.0,0.0
1324,238.0516125,19.3709381,0.0,LAE2641,1,true,0.0,0.0,-1.0,0.0,0.0,0.0
1325,237.8767167,19.3718722,0.0,LAE2644,1,true,0.0,0.0,-1.0,0.0,0.0,0.0
1326,237.7728,19.3717286,0.0,LAE2645,1,true,0.0,0.0,-1.0,0.0,0.0,0.0
1327,237.8881625,19.3722383,0.0,LAE2647,1,true,0.0,0.0,-1.0,0.0,0.0,0.0
1328,238.0893,19.373328899999997,0.0,LAE2650,1,true,0.0,0.0,-1.0,0.0,0.0,0.0
1329,237.7658833,19.3736725,0.0,LAE2653,1,true,0.0,0.0,-1.0,0.0,0.0,0.0
1330,238.1806708,19.3739311,0.0,LAE2654,1,true,0.0,0.0,-1.0,0.0,0.0,0.0
1331,237.78199580000003,19.3728761,0.0,LAE2655,1,true,0.0,0.0,-1.0,0.0,0.0,0.0
1332,238.1231417,19.3778875,0.0,LAE2661,1,true,0.0,0.0,-1.0,0.0,0.0,0.0
1333,237.9485625,19.3794931,0.0,LAE2665,1,true,0.0,0.0,-1.0,0.0,0.0,0.0
1334,237.7839333,19.3809886,0.0,LAE2667,1,true,0.0,0.0,-1.0,0.0,0.0,0.0
1335,238.1181042,19.381523100000003,0.0,LAE2669,1,true,0.0,0.0,-1.0,0.0,0.0,0.0
1336,237.8821083,19.3824364,0.0,LAE2672,1,true,0.0,0.0,-1.0,0.0,0.0,0.0
1337,237.8274167,19.3717156,0.0,LAE2673,1,true,0.0,0.0,-1.0,0.0,0.0,0.0
1338,238.0541958,19.3824678,0.0,LAE2676,1,true,0.0,0.0,-1.0,0.0,0.0,0.0
1339,237.866725,19.3812772,0.0,LAE2677,1,true,0.0,0.0,-1.0,0.0,0.0,0.0
1340,238.1286417,19.384052199999996,0.0,LAE2680,1,true,0.0,0.0,-1.0,0.0,0.0,0.0
1341,237.7860917,19.3847194,0.0,LAE2681,1,true,0.0,0.0,-1.0,0.0,0.0,0.0
1342,237.8674375,19.3856161,0.0,LAE2685,1,true,0.0,0.0,-1.0,0.0,0.0,0.0
1343,238.1256792,19.3859697,0.0,LAE2687,1,true,0.0,0.0,-1.0,0.0,0.0,0.0
1344,237.8011042,19.3876647,0.0,LAE2690,1,true,0.0,0.0,-1.0,0.0,0.0,0.0
1345,237.8068833,19.3895683,0.0,LAE2695,1,true,0.0,0.0,-1.0,0.0,0.0,0.0
1346,237.8794083,19.3888883,0.0,LAE2696,1,true,0.0,0.0,-1.0,0.0,0.0,0.0
1347,238.0662208,19.3909464,0.0,LAE2698,1,true,0.0,0.0,-1.0,0.0,0.0,0.0
1348,237.9420833,19.390803899999998,0.0,LAE2699,1,true,0.0,0.0,-1.0,0.0,0.0,0.0
1349,238.0805167,19.3945167,0.0,LAE2707,1,true,0.0,0.0,-1.0,0.0,0.0,0.0
1350,237.9113708,19.3949825,0.0,LAE2710,1,true,0.0,0.0,-1.0,0.0,0.0,0.0
1351,238.0777292,19.3966639,0.0,LAE2717,1,true,0.0,0.0,-1.0,0.0,0.0,0.0
1352,237.7739583,19.3981447,0.0,LAE2719,1,true,0.0,0.0,-1.0,0.0,0.0,0.0
1353,238.0317375,19.3963572,0.0,LAE2722,1,true,0.0,0.0,-1.0,0.0,0.0,0.0
1354,237.8234958,19.3988669,0.0,LAE2725,1,true,0.0,0.0,-1.0,0.0,0.0,0.0
1355,237.9316292,19.3994989,0.0,LAE2726,1,true,0.0,0.0,-1.0,0.0,0.0,0.0
1356,237.84485,19.3998528,0.0,LAE2727,1,true,0.0,0.0,-1.0,0.0,0.0,0.0
1357,238.1333542,19.4002544,0.0,LAE2730,1,true,0.0,0.0,-1.0,0.0,0.0,0.0
1358,237.9024833,19.4005353,0.0,LAE2731,1,true,0.0,0.0,-1.0,0.0,0.0,0.0
1359,237.96113749999998,19.4009439,0.0,LAE2732,1,true,0.0,0.0,-1.0,0.0,0.0,0.0
1360,237.96555,19.4001403,0.0,LAE2734,1,true,0.0,0.0,-1.0,0.0,0.0,0.0
1361,237.9371375,19.4008464,0.0,LAE2736,1,true,0.0,0.0,-1.0,0.0,0.0,0.0
